"","bing_ads_cost_alphas","bing_ads_cost_gammas","bing_ads_cost_thetas","cj_cost_alphas","cj_cost_gammas","cj_cost_thetas","dm_cost_alphas","dm_cost_gammas","dm_cost_thetas","email_campaign_delivery_alphas","email_campaign_delivery_gammas","email_campaign_delivery_thetas","email_flow_delivery_alphas","email_flow_delivery_gammas","email_flow_delivery_thetas","facebook_cost_alphas","facebook_cost_gammas","facebook_cost_thetas","fig_cost_alphas","fig_cost_gammas","fig_cost_thetas","google_ads_cost_alphas","google_ads_cost_gammas","google_ads_cost_thetas","influencer_cost_alphas","influencer_cost_gammas","influencer_cost_thetas","linkby_cost_alphas","linkby_cost_gammas","linkby_cost_thetas","mntn_cost_alphas","mntn_cost_gammas","mntn_cost_thetas","organic_impressions_alphas","organic_impressions_gammas","organic_impressions_thetas","sms_cost_alphas","sms_cost_gammas","sms_cost_thetas","sms_sends_alphas","sms_sends_gammas","sms_sends_thetas","tatari_cost_alphas","tatari_cost_gammas","tatari_cost_thetas","tiktok_cost_alphas","tiktok_cost_gammas","tiktok_cost_thetas","tiktok_influencer_cost_alphas","tiktok_influencer_cost_gammas","tiktok_influencer_cost_thetas","train_size","rsq_train","rsq_val","rsq_test","nrmse_train","nrmse_val","nrmse_test","nrmse","decomp.rssd","mape","lambda","lambda_hp","lambda_max","lambda_min_ratio","pos","Elapsed","ElapsedAccum","solID","trial","iterNG","iterPar","iterations","coef0","mape.qt10","robynPareto","error_score","cluster","top_sol"
"1",1.4432575,0.9817881,0.0407229,2.6328675,0.5659062,0.0566781,1.1540125,0.302164211,0.2142544,2.78744,0.6485566,0.1761594,2.7840075,0.5597581,0.1971726,0.516220225,0.7180722,0.1580412,2.0812775,0.5544892,0.2140449,1.3831725,0.9022723,0.02419902,0.655255,0.7317698,0.2815749,1.032855,0.5064531,0.02220069,2.56812,0.6685528,0.5343895,0.74423775,0.9341244,0.255831,2.6453775,0.8771115,0.1274226,1.85222,0.8154744,0.0754965,1.232485,0.36447973,0.3981365,2.0664575,0.5591673,0.1293039,2.9176225,0.7348043,0.01912869,0.6140573,0.799819481007626,0.77466851303061,0.0949198510197207,0.0655222512211507,0.341781908097893,0.574366328544173,0.341781908097893,0.036404881956627,0,87042.1738792065,0.00228694,36469502.4741323,1e-04,0,0.0664300918579102,110.642181158066,"3_82_12",3,82,12,1551,TRUE,TRUE,3,0.0109245518844263,7,TRUE
"2",1.5085875,0.9771051,0.0727137,2.67459,0.6090962,0.0525948,0.56004575,0.3005179517,0.2657311,2.6141325,0.6712863,0.182718,2.8051575,0.5575244,0.1850271,0.5298475,0.7184383,0.1531839,2.07381,0.4946756,0.2417253,1.406015,0.8325453,0.0438723,0.66071725,0.7594044,0.2836647,1.250515,0.5250311,0.01323801,2.71759,0.6106768,0.5210395,0.7155915,0.9008149,0.2617959,2.450005,0.9927697,0.1261953,2.1471925,0.8495672,0.02732922,1.9347875,0.32725219,0.390136,1.9438175,0.5802163,0.1906893,2.1387525,0.6784004,0.01443804,0.6179513,0.799308607891532,0.77852964875344,0.102442979162226,0.0656058063727279,0.334211534018377,0.593550497603994,0.334211534018377,0.0399777850888033,0,78260.8312104998,0.00204613,36469502.4741323,1e-04,0,0.0665938854217529,124.111466169357,"3_92_10",3,92,10,1739,TRUE,TRUE,3,0.0128567406230309,7,FALSE
"3",1.6495125,0.9887076,0.0577089,2.7892025,0.6397562,0.1923276,1.862555,0.4417031,0.3675481,1.8152225,0.7802462,0.2081283,2.9932975,0.5877329,0.2207316,0.60587175,0.7102448,0.1116906,2.0190575,0.5323671,0.2225349,1.4354625,0.7724272,0.0709941,0.7085895,0.55263,0.2880366,1.4048225,0.4367485,0.0099621,2.7237675,0.6018624,0.5199475,0.67401675,0.8770625,0.2726016,2.530645,0.8954172,0.1136664,2.0493,0.8163326,0.0603042,0.9847425,0.33738987,0.373141,1.732845,0.5950612,0.2261298,1.5050525,0.612739,0.02260668,0.6222167,0.794222011570613,0.793665651678201,0.0310447875566374,0.066432005561521,0.322588886856914,0.616706464539443,0.322588886856914,0.0477827124212139,0,34239.1045586439,0.000838926,36469502.4741323,1e-04,0,0.059999942779541,125.385728120804,"3_93_9",3,93,9,1757,TRUE,TRUE,4,0.0154535474722683,4,FALSE
"4",1.4432575,0.9817881,0.0407229,2.6328675,0.5659062,0.0566781,1.1540125,0.302164211,0.2142544,2.78744,0.6485566,0.1761594,2.7840075,0.5597581,0.1971726,0.516220225,0.7180722,0.1580412,2.0812775,0.5544892,0.2140449,1.3831725,0.9022723,0.02419902,0.655255,0.7317698,0.2815749,1.032855,0.5064531,0.02220069,2.56812,0.6685528,0.5343895,0.74423775,0.9341244,0.255831,2.5813825,0.9148387,0.1504713,1.85222,0.8154744,0.0754965,1.232485,0.36447973,0.3981365,2.0664575,0.5591673,0.1293039,2.9176225,0.7348043,0.01912869,0.6140573,0.79982805251575,0.77473583962092,0.0945481902416083,0.0655208484110182,0.341730843930323,0.574484244911377,0.341730843930323,0.0363257057158597,0,87042.1738792065,0.00228694,36469502.4741323,1e-04,0,0.0644819736480713,125.673787117004,"3_93_13",3,93,13,1761,TRUE,TRUE,2,0.0109358321702288,7,FALSE
"5",1.5085875,0.9771051,0.0727137,2.67459,0.6090962,0.0525948,0.56004575,0.3005179517,0.2657311,2.6141325,0.6712863,0.1878216,2.8051575,0.5575244,0.1850271,0.5298475,0.7184383,0.1531839,2.07381,0.4946756,0.2417253,1.406015,0.8325453,0.0438723,0.66071725,0.7594044,0.2836647,1.250515,0.5250311,0.01323801,2.71759,0.6106768,0.5210395,0.7155915,0.9008149,0.2617959,2.450005,0.9927697,0.1261953,2.1471925,0.8495672,0.02732922,1.9347875,0.32725219,0.390136,1.9438175,0.5802163,0.1906893,2.1387525,0.6784004,0.01443804,0.6179513,0.799181135853341,0.778444943733356,0.102665245056032,0.0656266383033704,0.334275440288922,0.593477001326226,0.334275440288922,0.0400763957114686,0,78260.8312104998,0.00204613,36469502.4741323,1e-04,0,0.0667178630828857,126.26348400116,"3_94_2",3,94,2,1769,TRUE,TRUE,4,0.0128521755254641,7,FALSE
"6",1.66931,0.9676229,0.1044261,2.65648,0.6219377,0.0725346,2.0980025,0.4129037,0.295633,2.3569475,0.7039742,0.1948857,2.768815,0.5186142,0.159573,0.5036929,0.718229,0.1765884,2.1239625,0.4952251,0.2211534,1.3561075,0.8888414,0.0060363,0.6476765,0.8459076,0.2702556,0.7553325,0.4080219,0.02881458,2.32115,0.7538247,0.496001,0.67576325,0.8281941,0.2434161,2.7769475,0.9663783,0.1767009,1.772895,0.8368391,0.0782871,1.3779925,0.3753865,0.375454,1.64573,0.5828994,0.2087496,1.9300975,0.6691093,0.0109002,0.619649,0.794574344057216,0.775920421415237,0.0806115401051803,0.0663751088509881,0.336174506588414,0.600725646290929,0.336174506588414,0.039476642964045,0,76255.9384737966,0.00199115,36469502.4741323,1e-04,0,0.0601701736450195,127.450020074844,"3_94_19",3,94,19,1786,TRUE,TRUE,2,0.0135454289584847,7,FALSE
"7",1.5085875,0.9805848,0.0860028,2.6891725,0.5949156,0.00704076,0.611699,0.36871879,0.2657311,2.6141325,0.6712863,0.182718,2.8051575,0.5575244,0.1850271,0.5298475,0.7184383,0.1531839,2.07381,0.4946756,0.2417253,1.406015,0.8325453,0.0438723,0.66071725,0.7594044,0.2836647,1.250515,0.5250311,0.01323801,2.71759,0.6106768,0.5210395,0.7155915,0.9008149,0.2617959,2.450005,0.9927697,0.1261953,2.1471925,0.8495672,0.02732922,1.9347875,0.32725219,0.390136,1.9438175,0.5802163,0.1906893,2.1387525,0.6784004,0.01443804,0.6179513,0.80059300131685,0.779879631998302,0.109848486043219,0.0653955359740209,0.333191375745576,0.591096811428685,0.333191375745576,0.0405262340946211,0,78260.8312104998,0.00204613,36469502.4741323,1e-04,0,0.0593559741973877,128.390855073929,"3_95_13",3,95,13,1799,TRUE,TRUE,3,0.0126328811598723,7,FALSE
"8",1.4823075,0.9790637,0.0511128,2.62484,0.5788702,0.0516624,1.2053075,0.31633212,0.211405,2.8141025,0.6396092,0.1731261,2.761815,0.5397073,0.1846122,0.52885625,0.7169935,0.1513974,2.109785,0.5326226,0.2213859,1.396175,0.882855,0.02964942,0.6546785,0.7711917,0.2726406,1.1395575,0.5673538,0.02086005,2.88657,0.6392256,0.5446365,0.7794675,0.8557132,0.2564289,2.5183375,0.9230343,0.1423122,1.914915,0.8147667,0.0636975,1.428615,0.3823844,0.3863565,2.0367725,0.5597847,0.1240731,2.9202675,0.7240733,0.02123772,0.6153659,0.801922024809838,0.777826495047558,0.0919357708537931,0.065177244982093,0.339378450056144,0.575312402078584,0.339378450056144,0.0359072810864633,0,81557.7092084142,0.00213654,36469502.4741323,1e-04,0,0.0598771572113037,130.048112154007,"3_96_17",3,96,17,1822,TRUE,TRUE,1,0.0110163238948677,7,FALSE
"9",1.5820875,0.9806058,0.0898956,2.748975,0.6314465,0.1926597,2.4471425,0.4522388,0.314281,2.18007,0.7322234,0.190269,2.88698,0.5575244,0.1850271,0.5298475,0.7184383,0.1531839,2.07381,0.4946756,0.2417253,1.406015,0.8325453,0.0438723,0.66071725,0.7594044,0.2836647,1.250515,0.5738211,0.02232051,2.7531475,0.5701951,0.5405685,0.681274,0.9149787,0.2661972,2.9131275,0.9280379,0.1180863,2.2665975,0.8694892,0.00884391,1.5048725,0.31781094,0.3799015,2.01627,0.5847271,0.2037306,1.73962,0.6546802,0.01660059,0.6201602,0.792358638746118,0.78752811121423,0.0572352597243649,0.0667321072008589,0.327351530600784,0.608314704965566,0.327351530600784,0.0395461676951466,0,53883.0421342275,0.00137762,36469502.4741323,1e-04,0,0.0702731609344482,132.787082195282,"3_98_16",3,98,16,1859,TRUE,TRUE,2,0.0142885125729549,7,FALSE
"10",1.57674,0.9834716,0.0815754,2.775255,0.6365173,0.179967,2.1415675,0.4317218,0.3129148,2.2127925,0.7276398,0.18459,2.8461075,0.5671998,0.1890636,0.52404895,0.718607,0.1548672,2.0773975,0.5473702,0.2442006,1.3892025,0.8742282,0.02587281,0.67253225,0.8034239,0.2749149,1.1307825,0.5999493,0.01975017,2.6997025,0.6181332,0.5544055,0.753395,0.831132,0.2628696,2.9666375,0.8488742,0.1276173,2.0446475,0.8140415,0.02925204,1.38342,0.32016476,0.3788705,2.0166725,0.5819698,0.1947633,1.822595,0.6590328,0.01773531,0.6198341,0.794580667723522,0.786416779299702,0.0489443047021707,0.0663740872228285,0.328206518376619,0.61098370052796,0.328206518376619,0.0420792258965553,0,53503.0679196686,0.0013672,36469502.4741323,1e-04,0,0.061107873916626,134.287976026535,"3_99_17",3,99,17,1879,TRUE,TRUE,4,0.0146196218245225,7,FALSE
"11",1.7991225,0.9819127,0.0743424,2.9505525,0.714687,0.2301045,2.0190725,0.434792,0.3837349,1.8991975,0.7998231,0.1801803,2.888025,0.5917215,0.2252862,0.57725275,0.7143846,0.1140636,2.198825,0.6038273,0.2172996,1.4448275,0.6871476,0.0560964,0.59239925,0.7494266,0.2752569,1.469405,0.6519495,0.02128914,2.8443025,0.6370171,0.5569285,0.83535,0.5662002,0.266913,2.3656825,0.9967051,0.0717159,2.42871,0.7990881,0.02435367,1.606185,0.36673261,0.371309,1.5115825,0.6075646,0.211011,1.5055225,0.6174528,0.02044803,0.6228191,0.791130398970392,0.80609745881887,0.0104395057265383,0.0669291830102326,0.312719805252078,0.62322924392738,0.312719805252078,0.0546972765022977,0,28523.7016248188,0.000682193,36469502.4741323,1e-04,0,0.0616438388824463,136.361051082611,"3_101_5",3,101,5,1905,TRUE,TRUE,4,0.0166124843677727,4,FALSE
"12",1.5811475,0.970677,0.056877,2.612855,0.6030062,0.0785475,1.3006,0.4007377,0.2093113,2.6669525,0.6561775,0.1846854,2.7780675,0.5277863,0.1628622,0.5324055,0.718229,0.1765884,2.1239625,0.4952251,0.2211534,1.3561075,0.8888414,0.0060363,0.6476765,0.8459076,0.2702556,0.7553325,0.4080219,0.02881458,2.32115,0.7538247,0.496001,0.67576325,0.8281941,0.2434161,2.645245,0.9663783,0.149526,1.929825,0.8141269,0.0384426,1.5206975,0.4280132,0.34103305,1.9484725,0.5695049,0.1310175,2.72671,0.71153,0.02944869,0.615482,0.796429507104597,0.780133573094282,0.0891395803093283,0.0660747181391979,0.337611777166609,0.576197497290426,0.337611777166609,0.0365872884742976,0,80301.4604856164,0.00210209,36469502.4741323,1e-04,0,0.0601370334625244,136.427374124527,"3_101_6",3,101,6,1906,TRUE,TRUE,1,0.0111047722900433,7,FALSE
"13",1.5877275,0.9928838,0.0631611,2.88456,0.6397548,0.1092495,1.54649,0.4627542,0.3712624,1.782045,0.7868549,0.220992,2.983445,0.5852465,0.218148,0.6171585,0.7104366,0.1062561,1.95193,0.479795,0.2490999,1.5911,0.6917921,0.0834201,0.71124025,0.5634478,0.2986419,0.7184245,0.449506,0.0039747,2.1484775,0.8196317,0.5309065,0.85711,0.6063214,0.2638884,2.7632975,0.8620776,0.1135785,2.1358525,0.7676392,0.00168783,0.97629,0.34768134,0.359727,1.82349,0.5706067,0.1462194,1.3622625,0.6092285,0.01999332,0.6227381,0.794751766649519,0.795874057385439,0.0781774329183503,0.0663464391415032,0.320857901090476,0.601520339791787,0.320857901090476,0.0475901353671895,0,35506.9858893538,0.000873695,36469502.4741323,1e-04,0,0.06101393699646,139.130524158478,"3_103_6",3,103,6,1944,TRUE,TRUE,3,0.0139926198148275,4,TRUE
"14",1.5820875,0.9806058,0.0898956,2.748975,0.6314465,0.1926597,2.4471425,0.4522388,0.314281,2.18007,0.7322234,0.190269,2.88698,0.5575244,0.1850271,0.506055225,0.7215113,0.1559649,2.218205,0.4942675,0.2476587,1.4220675,0.8872531,0.0463206,0.6026015,0.838734,0.2784627,1.25187,0.5600325,0.02533998,2.7114625,0.6382281,0.526653,0.70173825,0.8696817,0.2622837,2.88522,0.9510931,0.091788,2.6075975,0.8981444,0.02157711,2.136995,0.34698785,0.378828,1.996045,0.5977996,0.1983912,1.697495,0.6703714,0.00925116,0.6197156,0.78790841353428,0.782282470094857,0.073193962766095,0.0674434262991106,0.331367823931734,0.603144089451283,0.331367823931734,0.042019139291912,0,63167.6136091639,0.00163223,36469502.4741323,1e-04,0,0.0662899017333984,139.476231098175,"3_103_11",3,103,11,1949,TRUE,TRUE,4,0.013855194127707,7,FALSE
"15",1.5592075,0.994939,0.0787068,2.6226675,0.5754297,0.0341949,1.3977075,0.4649459,0.3341245,1.7936225,0.7481813,0.1880976,2.8734575,0.5345546,0.1766034,0.6505545,0.7179434,0.1624995,2.0171425,0.7260949,0.1737204,1.4184625,0.7387089,0.001193478,0.5483195,0.8347223,0.2970618,1.4580275,0.5694867,0.00649335,2.7043875,0.5356921,0.5359625,0.71376,0.7257813,0.276372,2.283265,0.9183303,0.1324521,1.94953,0.7123763,0.0549561,1.4349575,0.34026407,0.3634165,1.9475525,0.5802387,0.2364258,1.4347475,0.5916984,0.02438142,0.62399,0.802246627738627,0.803457309011183,-0.00478565848478252,0.065123818043997,0.314841581724499,0.628005378234699,0.314841581724499,0.0512395093761696,0,20183.5593420956,0.000453482,36469502.4741323,1e-04,0,0.0622220039367676,140.197792053223,"3_104_2",3,104,2,1959,TRUE,TRUE,4,0.0167681390730906,4,FALSE
"16",1.5811475,0.970677,0.056877,2.612855,0.6030062,0.0785475,1.3006,0.4007377,0.2093113,2.6669525,0.6561775,0.1846854,2.7780675,0.5277863,0.1628622,0.5324055,0.718229,0.1765884,2.222115,0.5316888,0.2348604,1.3656975,0.8888414,0.0060363,0.6476765,0.8459076,0.2702556,1.0627125,0.5354877,0.02245095,2.7734875,0.6621457,0.5349095,0.758725,0.8502098,0.2538264,2.4383575,0.9663783,0.149526,1.929825,0.8141269,0.0384426,1.5206975,0.4280132,0.34103305,1.9484725,0.5695049,0.1310175,2.72671,0.71153,0.02944869,0.615482,0.797755314355086,0.780858980437039,0.0867702027935058,0.0658592020324235,0.337054374190753,0.576946428022118,0.337054374190753,0.0399061744915089,0,80301.4604856164,0.00210209,36469502.4741323,1e-04,0,0.0601849555969238,140.685404062271,"3_104_9",3,104,9,1966,TRUE,TRUE,3,0.0112352847365792,7,FALSE
"17",1.5820875,0.9806058,0.0898956,2.748975,0.6314465,0.1926597,2.4471425,0.4522388,0.314281,2.18007,0.7322234,0.190269,2.88698,0.5575244,0.1850271,0.5298475,0.7184383,0.1352865,1.95924,0.4471239,0.2444025,1.424565,0.8325453,0.0438723,0.66071725,0.7594044,0.2836647,1.250515,0.5738211,0.02232051,2.7531475,0.5701951,0.5405685,0.681274,0.9149787,0.2661972,2.9131275,0.9280379,0.1180863,2.2665975,0.8694892,0.00884391,1.5048725,0.31781094,0.3799015,2.01627,0.5847271,0.2037306,1.73962,0.6546802,0.01660059,0.6201602,0.793571389221477,0.787787385184247,0.0580631875032376,0.0665369439884737,0.327151740314333,0.608047537960479,0.327151740314333,0.0394261306477372,0,53883.0421342275,0.00137762,36469502.4741323,1e-04,0,0.0671219825744629,141.623497009277,"3_105_3",3,105,3,1979,TRUE,TRUE,1,0.0142599186907526,7,FALSE
"18",1.77457,0.9884269,0.0280632,2.78645,0.6572261,0.1747044,1.57306,0.3826105,0.3000505,1.63882,0.8273793,0.1893294,2.944625,0.5879233,0.2435472,0.6534415,0.7060175,0.0740754,2.1146275,0.6322837,0.1944915,1.362535,0.9023416,0.0332637,0.693973,0.7522966,0.2620887,1.7556375,0.8781972,0.02266902,2.685415,0.734399,0.620636,0.8868925,0.7323606,0.2725428,2.45162,0.8381446,0.0819684,2.2638325,0.8027442,0.000407724,1.235965,0.35189583,0.387741,2.04008,0.5727102,0.1416099,2.30898,0.608826,0.0402426,0.6222533,0.795109084515612,0.811385116856666,0.000104774817703102,0.066288662530046,0.308426450625404,0.626475218779758,0.308426450625404,0.0511142994872359,0,6433.3500270199,7.64112e-05,36469502.4741323,1e-04,0,0.067756175994873,143.32457113266,"3_106_8",3,106,8,2003,TRUE,TRUE,3,0.0166140179761801,4,FALSE
"19",1.5820875,0.9806058,0.0898956,2.748975,0.6314465,0.1926597,2.4471425,0.4522388,0.314281,2.18007,0.7322234,0.190269,2.88698,0.5575244,0.1850271,0.5298475,0.7184383,0.1352865,1.95924,0.4471239,0.2444025,1.424565,0.8325453,0.0438723,0.66071725,0.7594044,0.2836647,1.250515,0.5738211,0.02232051,2.7531475,0.5701951,0.5405685,0.681274,0.9149787,0.2661972,2.9131275,0.9280379,0.1180863,1.9161075,0.8982487,0.01807974,1.557815,0.32469425,0.390899,2.38434,0.5604497,0.1375884,2.7689075,0.7521846,0.00951864,0.6201602,0.795892927171148,0.786813664118723,0.0660571092078286,0.0661617421353031,0.327901436466251,0.605461886186442,0.327901436466251,0.0411498953971078,0,53883.0421342275,0.00137762,36469502.4741323,1e-04,0,0.0655698776245117,143.735938072205,"3_106_14",3,106,14,2009,TRUE,TRUE,3,0.0140515845019512,7,FALSE
"20",1.652195,0.9833379,0.0750111,2.6843375,0.6080847,0.01623009,1.635335,0.36820233,0.2885443,2.3684725,0.7066209,0.1835868,2.7961475,0.6486105,0.2698284,0.571431,0.7109434,0.1117869,2.1045775,0.5427285,0.2234379,1.3497925,0.8260885,0.02583513,0.61198175,0.8553156,0.2791602,1.2557675,0.7783345,0.01845402,2.921755,0.5609551,0.49244,0.6413925,0.9365212,0.2379978,2.72595,0.9323142,0.1899621,1.64512,0.8140919,0.0856389,0.58212375,0.36121024,0.381152,1.979905,0.5565507,0.190626,1.9938625,0.6400607,0.01744356,0.6205172,0.807944072962417,0.784217701258068,0.0639223640544462,0.0641788250992678,0.329891817994364,0.606153453680012,0.329891817994364,0.0385264707043112,0,56118.3990778417,0.00143892,36469502.4741323,1e-04,0,0.0594000816345215,143.866989135742,"3_106_16",3,106,16,2011,TRUE,TRUE,1,0.0140586015257425,4,FALSE
"21",1.4294075,0.5142161,0.01248981,2.9362525,0.6092866,0.01338786,0.9002325,0.8147373,0.3296299,1.419735,0.6711176,0.0843522,1.410435,0.6685052,0.1823472,0.6733925,0.5324448,0.0436146,2.4491875,0.7702089,0.1136529,2.2426,0.33701733,0.00434016,0.58888475,0.5640106,0.2663781,1.5470425,0.5492966,0.2008902,1.10599,0.9022604,0.357848,0.6050475,0.8798268,0.02556612,0.638185,0.7258527,0.1960905,1.0872425,0.9690824,0.00622785,0.51463315,0.8298342,0.6828065,2.57671,0.8538841,0.2405433,2.8916075,0.35037417,0.2941419,0.6185657,0.800384292199111,0.811599102851408,0.147149985533925,0.065429750107026,0.308251444100129,0.578579417352871,0.308251444100129,0.0558355170797797,0,42793.4108108589,0.00107351,36469502.4741323,1e-04,0,0.0652570724487305,103.692178726196,"4_76_19",4,76,19,1444,TRUE,TRUE,4,0.0126990397496598,1,TRUE
"22",1.73691,0.5034851,0.00876348,2.84368,0.6046015,0.00320049,0.9352575,0.7994276,0.3195616,1.0678375,0.6344677,0.0820149,1.6930675,0.4931034,0.2047554,0.7956575,0.5807686,0.02606757,2.1276525,0.5541448,0.1142832,1.81816,0.4054655,0.0338001,0.5314855,0.5641646,0.2593605,1.5666375,0.5218139,0.2394033,1.2850575,0.8802426,0.3428279,0.65771275,0.8496197,0.0909477,0.7060655,0.6830491,0.1933746,1.0497475,0.9693162,0.01157253,0.5379485,0.826197,0.6616575,2.5203525,0.8367229,0.239985,2.89985,0.3418838,0.2952894,0.6208325,0.804434815468941,0.825392403384677,0.0607294165021132,0.0647625105682261,0.296753058592409,0.607186364039957,0.296753058592409,0.0640064101736274,0,7800.082998884,0.000113891,36469502.4741323,1e-04,0,0.0631279945373535,109.799261808395,"4_81_3",4,81,3,1523,TRUE,TRUE,4,0.0162801367069685,1,FALSE
"23",0.7570575,0.5144751,0.01376997,2.8362375,0.9854169,0.2311302,0.7518075,0.8547311,0.2340325,1.4044925,0.5596398,0.0952482,1.1865225,0.5556155,0.2467689,0.7737775,0.6628562,0.002437926,2.697705,0.5744623,0.1109496,1.7222375,0.4113693,0.0644565,0.50577175,0.6124933,0.2504673,1.678275,0.4943466,0.2604753,1.345255,0.8595744,0.3521695,0.627627,0.9378631,0.0551772,0.62720575,0.6588438,0.2005842,1.14672,0.9815165,0.0304689,0.55140625,0.8512591,0.6650465,2.4052875,0.8213411,0.2379996,2.897795,0.31650754,0.2993748,0.6220049,0.801083032532579,0.817964764224906,0.0294748975540141,0.0653151336658109,0.302999119808758,0.61720585267794,0.302999119808758,0.0615806773828633,0,20302.3286335369,0.000456739,36469502.4741323,1e-04,0,0.0645971298217773,110.30567574501,"4_81_10",4,81,10,1530,TRUE,TRUE,3,0.0168230586437901,1,FALSE
"24",1.335635,0.4973776,0.02356488,2.7425,0.5886772,0.0098229,0.8469325,0.8531218,0.324559,1.44582,0.8266422,0.0584406,2.1794775,0.5144905,0.1832274,0.7947175,0.4724135,0.0487317,1.72412,0.6054079,0.1200066,2.2497275,0.3673743,0.0407169,0.59182125,0.6641064,0.2648508,1.85922,0.5229199,0.2126403,1.0690375,0.894118,0.365725,0.583104,0.9516006,0.0103215,0.55175225,0.7098003,0.1977225,1.0525825,0.9826106,0.0348048,0.57821975,0.8445139,0.6829145,2.5036425,0.8419561,0.2434179,2.9072925,0.3720594,0.2891715,0.6189173,0.80880529888593,0.805576764949636,0.0988406904007503,0.0640347666160974,0.313139402944449,0.594740393737962,0.313139402944449,0.053586837220741,0,34080.5145529705,0.000834577,36469502.4741323,1e-04,0,0.0723240375518799,115.941547870636,"4_85_8",4,85,8,1604,TRUE,TRUE,4,0.0138818218773465,1,FALSE
"25",1.5966675,0.5192155,0.00403707,2.9450675,0.6851617,0.04434,0.65265225,0.9199053,0.2184349,1.4645475,0.6434802,0.0754608,1.360325,0.5389681,0.1728831,0.789105,0.6536918,0.02005893,2.7670725,0.6861571,0.1081758,1.91584,0.36089643,8.81703e-05,0.5402235,0.4962765,0.2586465,1.33833,0.5384935,0.232572,1.32087,0.882498,0.33874525,0.67133,0.8085731,0.0965568,0.7621325,0.6905153,0.1933533,1.101785,0.9607055,0.00493149,0.501437075,0.8193342,0.662445,2.558565,0.8402747,0.2373672,2.88753,0.32008335,0.2999307,0.6207764,0.806868115376232,0.824993159174945,0.0397209714399386,0.0643583489745634,0.297092131161203,0.613939210586239,0.297092131161203,0.0595915302391311,0,17754.6051715051,0.000386873,36469502.4741323,1e-04,0,0.0724940299987793,119.658414840698,"4_87_19",4,87,19,1653,TRUE,TRUE,2,0.0162892734046168,1,FALSE
"26",1.494605,0.5216627,0.00354852,2.7211975,0.7456193,0.1449648,0.851015,0.8968193,0.282316,1.6203675,0.6819263,0.0657393,1.1686725,0.659919,0.13068,0.70950475,0.7346622,0.0622389,2.921935,0.7685786,0.1040994,1.9149375,0.34286541,0.01543986,0.528953,0.4230327,0.2653728,1.114965,0.5727417,0.2102127,1.2594025,0.9049813,0.33321405,0.6951815,0.682039,0.101232,0.7704825,0.678882,0.1910673,1.1522525,0.9536138,0.00810159,0.504552275,0.8152812,0.659795,2.602255,0.8337661,0.2365359,2.88453,0.30998585,0.2982384,0.6208748,0.801602727170945,0.813637868227538,0.0507012690297295,0.0652297560208966,0.306579048082635,0.61041907912304,0.306579048082635,0.0545226423789314,0,32349.2615961185,0.000787101,36469502.4741323,1e-04,0,0.0645120143890381,121.699570894241,"4_89_6",4,89,6,1678,TRUE,TRUE,3,0.0154131897743263,1,FALSE
"27",1.335635,0.4973776,0.02356488,2.7425,0.5886772,0.0098229,0.8469325,0.8531218,0.324559,1.44582,0.8266422,0.0584406,2.1794775,0.5144905,0.1832274,0.7947175,0.4724135,0.0487317,1.72412,0.6054079,0.1200066,2.2497275,0.3673743,0.0407169,0.59182125,0.6641064,0.2648508,1.85922,0.5229199,0.2126403,1.0690375,0.894118,0.365725,0.583104,0.9516006,0.0103215,0.55175225,0.7098003,0.1977225,1.0525825,0.9826106,0.0348048,0.57821975,0.8445139,0.6829145,2.5036425,0.8419561,0.2434179,2.9072925,0.3720594,0.2891715,0.6189173,0.80880529888593,0.805576764949636,0.0988406904007503,0.0640347666160974,0.313139402944449,0.594740393737962,0.313139402944449,0.053586837220741,0,34080.5145529705,0.000834577,36469502.4741323,1e-04,0,0.070167064666748,123.000333786011,"4_90_3",4,90,3,1694,TRUE,TRUE,4,0.0138818218773465,NA,NA
"28",1.4997375,0.5040864,0.01898685,2.7530275,0.6380629,0.0215052,0.8477925,0.8461127,0.2972596,1.449565,0.7900098,0.0618447,2.0156475,0.5193863,0.1811586,0.793595,0.5086693,0.0396582,1.7879825,0.6567312,0.1169712,2.259595,0.3603554,0.0406401,0.580623,0.6159093,0.2642256,1.2786525,0.5710302,0.1861875,1.1607075,0.8811372,0.3597525,0.61863575,0.9185886,0.0303723,0.58676675,0.704012,0.1933584,1.0101975,0.9789524,0.0344442,0.5856235,0.8375762,0.6821015,2.53536,0.8468407,0.2424408,2.9017725,0.36567631,0.2908218,0.6187661,0.809703286664876,0.811397026489425,0.0873175232677234,0.0638842129795817,0.3084167130488,0.598530802104696,0.3084167130488,0.0555820675959896,0,29535.6655814622,0.000709944,36469502.4741323,1e-04,0,0.0713341236114502,126.845334768295,"4_92_14",4,92,14,1743,TRUE,TRUE,4,0.014442537884934,1,FALSE
"29",1.401185,0.3792757,0.02655345,2.609275,0.849619,0.1026309,0.868595,0.8779774,0.2380246,1.3334725,0.647872,0.0753471,1.52588,0.4651748,0.2167707,0.8565525,0.555808,0.0409017,1.9657575,0.456884,0.1127742,1.8210625,0.4194984,0.0370836,0.5364435,0.6522848,0.2716236,2.041675,0.4931524,0.1887816,1.3826175,0.865859,0.34415545,0.59061175,0.9583367,0.0555903,0.654704,0.6068051,0.2042289,1.227995,0.9860399,0.0743142,0.88898,0.8680332,0.680764,2.394935,0.8605439,0.2377539,2.9306275,0.3758898,0.2866815,0.6233066,0.802845972046419,0.812052152759215,0.0742985429120723,0.0650250556107456,0.307880593037235,0.602784564598831,0.307880593037235,0.0569486630867329,0,21858.8372107184,0.000499423,36469502.4741323,1e-04,0,0.0665779113769531,127.612053871155,"4_93_5",4,93,5,1753,TRUE,TRUE,4,0.0149809843523984,1,FALSE
"30",1.3210475,0.5124675,0.01868247,2.8484675,0.6562216,0.0501024,0.62794625,0.8619222,0.2840077,1.5801075,0.7057347,0.0982965,1.68919,0.5948022,0.1686372,0.776145,0.5344636,0.0421815,2.3124125,0.7344459,0.1150461,2.3707425,0.32795023,0.01272393,0.6034805,0.6156643,0.2633523,1.6968475,0.5341255,0.2053953,1.10561,0.8901658,0.3634395,0.592646,0.9255809,0.01473102,0.6012,0.7138407,0.1983171,1.106445,0.9756869,0.0316707,0.5613245,0.8404434,0.685435,2.5277625,0.8475519,0.240906,2.895115,0.35159581,0.2932329,0.6188528,0.804035552321148,0.809293551410044,0.12672068485733,0.0648285859790357,0.310131818645106,0.585468098613577,0.310131818645106,0.0482322235717128,0,42489.2855757897,0.00106517,36469502.4741323,1e-04,0,0.065932035446167,128.619979858398,"4_93_19",4,93,19,1767,TRUE,TRUE,3,0.0125220955244266,1,FALSE
"31",1.413715,0.5765224,0.01090635,2.8641825,0.6483214,0.01476027,0.927245,0.8395341,0.2618563,1.34183,0.59176,0.0914298,1.3342975,0.5070495,0.2843769,0.826925,0.5538564,0.043524,2.1083075,0.444522,0.1164984,1.60359,0.417026,0.0474219,0.5402795,0.6019065,0.2448069,1.4476025,0.4561973,0.2203641,1.3155925,0.8867169,0.3340826,0.58442825,0.9090105,0.0465285,0.6085865,0.6418345,0.2111985,1.366915,0.9813492,0.0697431,0.82317,0.8661467,0.6862055,2.388995,0.8543545,0.2353446,2.8770375,0.31307929,0.2940456,0.619928,0.799472897265837,0.821848594371346,0.0693090474262943,0.0655789478624995,0.299749359137555,0.60440687437608,0.299749359137555,0.056912011174611,0,14292.5368480675,0.000291933,36469502.4741323,1e-04,0,0.0703930854797363,129.317734718323,"4_94_9",4,94,9,1776,TRUE,TRUE,1,0.0151223858373031,1,FALSE
"32",1.3210475,0.5124675,0.01868247,2.8484675,0.6562216,0.0501024,0.62794625,0.8619222,0.2840077,1.5801075,0.7057347,0.0982965,1.68919,0.5948022,0.1686372,0.776145,0.5344636,0.0421815,2.3124125,0.7344459,0.1150461,2.3707425,0.32795023,0.01272393,0.6034805,0.6156643,0.2633523,1.6968475,0.5341255,0.2053953,1.10561,0.8901658,0.3634395,0.592646,0.9255809,0.01473102,0.6012,0.7138407,0.1964883,1.1468175,0.9700134,0.0342066,0.56381675,0.837201,0.683315,2.562715,0.8423453,0.2402409,2.892715,0.34351774,0.2918793,0.6188528,0.80342695964372,0.809298086201517,0.129723195759414,0.0649291746779988,0.310128131324887,0.584460753138073,0.310128131324887,0.0493586776211704,0,42489.2855757897,0.00106517,36469502.4741323,1e-04,0,0.0723710060119629,130.915333747864,"4_95_11",4,95,11,1797,TRUE,TRUE,3,0.0125234091599855,1,FALSE
"33",1.5648475,0.5974314,0.00996051,2.872405,0.6347134,0.01299459,0.8768875,0.8651072,0.2447041,1.40378,0.5902606,0.0871173,1.23426,0.5188571,0.2568,0.8220725,0.6115833,0.0375495,2.1569675,0.4538481,0.114249,1.4695525,0.4408631,0.0501828,0.508070925,0.4567286,0.2412693,1.33972,0.4512917,0.2205288,1.3464625,0.8965589,0.33769995,0.593068,0.9147806,0.0482583,0.61231025,0.6452365,0.2090757,1.458325,0.983074,0.0654783,0.78554,0.8726637,0.688377,2.363975,0.8528614,0.2337744,2.8712225,0.32052652,0.2937792,0.6199997,0.7988964811003,0.822723591614599,0.0505691386446842,0.0656731337343878,0.299012337993597,0.610461558955253,0.299012337993597,0.062375090479952,0,14533.1020969586,0.00029853,36469502.4741323,1e-04,0,0.0702750682830811,131.134482860565,"4_95_14",4,95,14,1800,TRUE,TRUE,3,0.0163364922051782,1,FALSE
"34",1.696555,0.5972634,0.01798743,2.7883375,0.6753974,0.0359802,0.50747645,0.9795187,0.11393758,1.433675,0.9767747,0.0322176,2.8860125,0.3879137,0.1621692,0.8909925,0.3953169,0.02096526,1.81575,0.5837485,0.1164051,2.0119625,0.3711823,0.0464256,0.56498525,0.5956996,0.2500809,1.4885475,0.4791104,0.226953,1.2153475,0.9268087,0.33321655,0.5277555,0.9482091,0.00349719,0.511131675,0.6590013,0.2158395,1.44902,0.9904226,0.088851,0.8733025,0.8851839,0.707989,2.3705775,0.856052,0.2354337,2.8712575,0.31839922,0.2917686,0.61895,0.806540792700897,0.811709651618628,0.0991700210539808,0.0644128636106275,0.30816099384758,0.59463170921432,0.30816099384758,0.047439921920724,0,34760.6392243465,0.000853228,36469502.4741323,1e-04,0,0.073671817779541,132.055316925049,"4_96_7",4,96,7,1812,TRUE,TRUE,2,0.0133274838847768,1,FALSE
"35",2.0258325,0.5993459,0.00977253,2.8643975,0.64468,0.00994347,0.9352575,0.8436704,0.2511385,1.33716,0.5746058,0.0926013,1.2878325,0.5431135,0.2383662,0.7956575,0.5807686,0.0550047,2.7630775,0.7256917,0.1061361,1.8955825,0.305305377,0.00731682,0.526522,0.33228078,0.2656182,0.79869,0.5921597,0.1905366,1.2574375,0.925723,0.32406255,0.68850775,0.5995573,0.0981267,0.7839225,0.6644319,0.1942569,1.295675,0.9473215,0.01948593,0.5510565,0.8190899,0.664399,2.40419,0.8543853,0.2310102,2.8584875,0.32287901,0.2967558,0.6200027,0.797554641009839,0.832438752223111,0.0335213712932236,0.0658918676858983,0.290703613036438,0.61591783036689,0.290703613036438,0.0655314439744913,0,8553.50403986299,0.000134552,36469502.4741323,1e-04,0,0.0614650249481201,135.123750925064,"4_98_10",4,98,10,1853,TRUE,TRUE,3,0.0172403703270676,1,FALSE
"36",2.261395,0.5900128,0.01359432,2.780015,0.6177923,0.011169,0.8940125,0.8215616,0.3087616,1.1707775,0.5522261,0.1105839,1.5485375,0.5168138,0.2846799,0.7835175,0.4891295,0.0385971,2.3208525,0.6099922,0.1170426,2.128045,0.35639529,0.0327516,0.54758075,0.32080092,0.2538012,0.635387,0.552084,0.2053953,1.10561,0.8901658,0.3634395,0.592646,0.9255809,0.01473102,0.6012,0.7138407,0.1983171,1.106445,0.9756869,0.0316707,0.541531,0.8431013,0.69269,2.3972075,0.8670427,0.2388147,2.879555,0.34038111,0.2947812,0.6166334,0.800117507427444,0.818535639680128,0.0980116638521882,0.0654734586725785,0.302523633323758,0.595013898225727,0.302523633323758,0.0507942089283867,0,16799.8196763233,0.00036069,36469502.4741323,1e-04,0,0.0718557834625244,135.44358086586,"4_98_14",4,98,14,1857,TRUE,TRUE,1,0.0136344506762598,1,FALSE
"37",1.74974,0.6535966,0.0043719,2.877035,0.6534286,0.02022852,0.9133,0.8757269,0.190333,1.60174,0.5460157,0.1012251,0.95575,0.5699193,0.2926386,0.8085875,0.6073756,0.0652959,2.47363,0.5908521,0.1086498,1.5670925,0.34135705,0.0305016,0.5421395,0.4081416,0.2465193,0.80707,0.507802,0.1821249,1.3315625,0.9244574,0.33089565,0.599626,0.71867,0.0480678,0.67668025,0.6375316,0.2141886,1.581495,0.9637358,0.0790305,0.8526875,0.8643771,0.690812,2.2745925,0.8691105,0.2275716,2.8416925,0.302759008,0.2952759,0.6192467,0.795054209358143,0.825186020259694,0.0367300060107483,0.0662975388564015,0.296928385261687,0.614894580469137,0.296928385261687,0.0588711381675098,0,13718.2725552774,0.000276185,36469502.4741323,1e-04,0,0.0623469352722168,136.497194766998,"4_99_9",4,99,9,1871,TRUE,TRUE,1,0.016289544443925,1,FALSE
"38",1.696555,0.5972634,0.01798743,2.7883375,0.6753974,0.0359802,0.50747645,0.9795187,0.11393758,1.433675,0.9767747,0.0322176,2.8860125,0.3879137,0.1621692,0.8909925,0.3953169,0.02096526,1.81575,0.5837485,0.1164051,2.0119625,0.3711823,0.0464256,0.56498525,0.5956996,0.2500809,1.4885475,0.4791104,0.226953,1.2153475,0.9268087,0.33321655,0.5277555,0.9482091,0.046452,0.67564225,0.5939636,0.2158395,1.44902,0.9904226,0.088851,0.8733025,0.8851839,0.707989,2.3705775,0.856052,0.2354337,2.8712575,0.31839922,0.2917686,0.61895,0.806518973011272,0.810748461846367,0.0921017240418468,0.0644164959760343,0.308946546972869,0.596960018173951,0.308946546972869,0.0498165463258237,0,34760.6392243465,0.000853228,36469502.4741323,1e-04,0,0.07122802734375,136.574415922165,"4_99_10",4,99,10,1872,TRUE,TRUE,3,0.0137313851439435,1,FALSE
"39",1.0043925,0.6273893,0.00352842,2.9417975,0.676831,0.02200788,0.9426725,0.8828662,0.1671136,1.6866,0.5867921,0.0839427,0.8600675,0.5070495,0.2843769,0.826925,0.5538564,0.043524,2.1083075,0.444522,0.1164984,1.60359,0.417026,0.0474219,0.5402795,0.6019065,0.2448069,1.4476025,0.4561973,0.2203641,1.496355,0.9141506,0.3080476,0.590012,0.7434822,0.0731982,0.6689705,0.5807875,0.2238957,1.746955,0.9717879,0.107631,1.072095,0.8831672,0.684703,2.2909025,0.8560086,0.22635,2.84675,0.3170184,0.2944413,0.6220184,0.797130954429551,0.819978883660301,0.0739648691760021,0.0659607823519313,0.301318198226599,0.602893193171551,0.301318198226599,0.0523698868152174,0,11827.2991512308,0.000224329,36469502.4741323,1e-04,0,0.0726311206817627,138.506723880768,"4_100_15",4,100,15,1896,TRUE,TRUE,1,0.0145107038302386,1,FALSE
"40",1.74974,0.6535966,0.01530975,2.98984,0.4715378,0.00186438,0.625415,0.985965,0.1413043,1.605825,0.7791556,0.0559392,1.9094525,0.4512973,0.1917063,0.882105,0.6133508,0.01050957,2.47363,0.5908521,0.1086498,1.5670925,0.34135705,0.0305016,0.5421395,0.4081416,0.2465193,0.80707,0.507802,0.1821249,1.3315625,0.9244574,0.33089565,0.599626,0.71867,0.0480678,0.67668025,0.6375316,0.2141886,1.581495,0.9637358,0.0790305,0.8526875,0.8643771,0.690812,2.2745925,0.8691105,0.2275716,2.8416925,0.302759008,0.2952759,0.6192467,0.802278679040157,0.811967060890335,-0.0222610167564068,0.0651185402889631,0.307950280375666,0.633443011327597,0.307950280375666,0.0405131534931383,0,13718.2725552774,0.000276185,36469502.4741323,1e-04,0,0.0677509307861328,138.898858785629,"4_101_1",4,101,1,1901,TRUE,TRUE,1,0.0167648526705813,1,FALSE
"41",1.696555,0.5972634,0.01798743,2.7883375,0.6753974,0.0359802,0.50747645,0.9795187,0.11393758,1.433675,0.9767747,0.0312804,2.923185,0.35906215,0.1989777,0.8909925,0.3953169,0.02096526,1.81575,0.5837485,0.1164051,2.0119625,0.3711823,0.0464256,0.56498525,0.5956996,0.2500809,1.4885475,0.4791104,0.226953,1.2153475,0.9268087,0.33321655,0.5277555,0.9482091,0.00349719,0.511131675,0.6590013,0.2158395,1.44902,0.9904226,0.088851,0.8733025,0.8851839,0.707989,2.3705775,0.856052,0.2354337,2.8712575,0.31839922,0.2917686,0.61895,0.806563740253946,0.811716211482117,0.0990198590473204,0.0644090432666376,0.308155625777266,0.59468126760604,0.308155625777266,0.0474922545315624,0,34760.6392243465,0.000853228,36469502.4741323,1e-04,0,0.0677759647369385,138.972719907761,"4_101_2",4,101,2,1902,TRUE,TRUE,2,0.0133359289897677,1,FALSE
"42",2.261395,0.5900128,0.01359432,2.780015,0.6177923,0.011169,0.8940125,0.8215616,0.3087616,1.1707775,0.5522261,0.1105839,1.5485375,0.5168138,0.2846799,0.7835175,0.4891295,0.0385971,2.3208525,0.6099922,0.1170426,2.128045,0.35639529,0.0327516,0.54758075,0.32080092,0.2538012,0.635387,0.552084,0.2053953,1.10561,0.8901658,0.3634395,0.513849425,0.9592796,0.00521193,0.50923765,0.6469249,0.2220279,1.4674675,0.9952596,0.1021866,0.9583625,0.894363,0.708933,2.3972075,0.8670427,0.2388147,2.879555,0.34038111,0.2947812,0.6166334,0.793440978951777,0.817084691648453,0.127098735783003,0.0665579578653328,0.303730680623725,0.585341357539628,0.303730680623725,0.0446071781262607,0,16799.8196763233,0.00036069,36469502.4741323,1e-04,0,0.0722038745880127,144.493517875671,"4_105_1",4,105,1,1977,TRUE,TRUE,1,0.0122564032773004,1,FALSE
"43",1.3220825,0.5410807,0.01380999,2.809735,0.6014403,0.01734183,0.8452975,0.8421514,0.2899783,1.2060975,0.5986011,0.0995211,1.657485,0.4997751,0.2629368,0.7988575,0.516076,0.033678,2.254565,0.5788107,0.116817,1.999145,0.3729358,0.0384687,0.54646125,0.3800975,0.2515038,0.8238825,0.5305835,0.2129232,1.1552825,0.8872881,0.360771,0.59860225,0.9265105,0.02319585,0.61513875,0.7028878,0.1979907,1.112375,0.9768034,0.0379545,0.58968225,0.8479418,0.6908865,2.3966325,0.8456493,0.2368359,2.885755,0.32075507,0.2949288,0.6204959,0.802127993741665,0.819518549971779,0.067723792729889,0.0651433492923958,0.301703204056547,0.604921401340627,0.301703204056547,0.054480547212836,0,14412.4001151745,0.00029522,36469502.4741323,1e-04,0,0.0698177814483643,145.355390787125,"4_105_13",4,105,13,1989,TRUE,TRUE,2,0.0149047477272564,1,FALSE
"44",1.931665,0.5927225,0.00704958,2.6552125,0.8572882,0.0580731,0.79536,0.8692806,0.245575,1.42959,0.7436341,0.0322176,1.5503675,0.5124787,0.2964045,0.8153575,0.4916523,0.0433038,1.9882725,0.4062404,0.1074534,1.3613125,0.35087915,0.0313704,0.523664725,0.33669239,0.2644509,0.70939275,0.5804186,0.1790493,1.2225025,0.9288009,0.32646685,0.67178975,0.6233013,0.0996975,0.759005,0.6836539,0.1951344,1.28455,0.9545952,0.0407556,0.64436325,0.8277727,0.676314,2.4422875,0.8614896,0.2325186,2.8610425,0.32198301,0.2950128,0.6194123,0.801307619188964,0.835484436642111,0.0408638016765341,0.065278251316156,0.288049503563664,0.613573776608676,0.288049503563664,0.0638350725912108,0,16452.3365390362,0.000351161,36469502.4741323,1e-04,0,0.0731279850006104,145.574159860611,"4_105_16",4,105,16,1992,TRUE,TRUE,2,0.0168030731239193,3,FALSE
"45",0.9095275,0.5460787,0.008235,2.91855,0.7557777,0.0635103,0.62535775,0.966757,0.142279,1.7236525,0.871354,0.0464061,1.9526875,0.4735097,0.2143344,0.8811225,0.5334983,0.1050642,2.865805,0.4300061,0.0930411,0.669481,0.33795687,0.00340533,0.54915275,0.8210121,0.26343,2.3647725,0.4954778,0.1483233,1.18822,0.946968,0.3201742,0.64265375,0.6591511,0.1225968,0.9065675,0.6229149,0.2170284,1.6451025,0.946968,0.0592311,0.817395,0.8306203,0.6364555,2.4202675,0.8238618,0.2286519,2.8712725,0.31445542,0.2948937,0.6261785,0.745136008275427,0.873528500013048,0.0355886278625762,0.0750052660632455,0.257259539365181,0.601647549324168,0.257259539365181,0.29461021399829,0,4009.66845447965,9.94679e-06,36469502.4741323,1e-04,0,0.0620949268341064,146.262725830078,"4_106_6",4,106,6,2001,TRUE,TRUE,1,0.0755256256259378,2,FALSE
"46",1.430705,0.8001976,0.2394492,2.774315,0.9164074,0.0742728,1.9906725,0.7486125,0.12165067,2.859145,0.9750968,0.2701584,2.2161125,0.9381767,0.2859126,0.504579525,0.31325345,0.01076451,1.0783175,0.8217331,0.1723011,2.4446025,0.388879,0.0773625,1.23098,0.3957985,0.1372965,2.4498225,0.5802478,0.063858,2.38035,0.5077432,0.4148125,1.23197,0.6259228,0.1002735,0.7802975,0.875533,0.1943502,1.02183,0.6084347,0.1675254,1.90193,0.933423,0.597915,1.91662,0.7953718,0.0909945,1.228125,0.67702,0.2415486,0.6268751,0.759173916581975,0.835162967531925,0.312018570778292,0.0729103657607801,0.293699053314773,0.508158680053295,0.293699053314773,0.0662317420209087,0,25238.7479616607,0.00059211,36469502.4741323,1e-04,0,0.0607190132141113,92.3362431526184,"5_68_11",5,68,11,1284,TRUE,TRUE,4,0.00977296154569096,3,FALSE
"47",1.430705,0.8001976,0.2394492,2.774315,0.9164074,0.0742728,1.9906725,0.7486125,0.12165067,2.859145,0.9750968,0.2701584,2.2161125,0.9381767,0.2859126,0.504579525,0.31325345,0.01076451,1.0783175,0.8217331,0.1723011,2.4446025,0.388879,0.0773625,1.23098,0.3957985,0.1372965,2.4498225,0.5802478,0.0809556,2.3467275,0.5077432,0.4148125,1.23197,0.6259228,0.1002735,0.7802975,0.875533,0.1943502,1.02183,0.6084347,0.1675254,1.90193,0.933423,0.597915,1.91662,0.7953718,0.0909945,1.228125,0.67702,0.2415486,0.6268751,0.759193068560078,0.835398700599388,0.311671896018613,0.0729074665617565,0.293488969001554,0.5082866948469,0.293488969001554,0.0666905217709768,0,25238.7479616607,0.00059211,36469502.4741323,1e-04,0,0.0602340698242188,96.6200633049011,"5_71_14",5,71,14,1344,TRUE,TRUE,4,0.00989616930886997,3,FALSE
"48",1.4584875,0.7871475,0.2442591,2.788995,0.9283977,0.0738,2.0107475,0.761958,0.11878168,2.9230975,0.9808459,0.2800104,2.066345,0.6090535,0.2551422,0.57009225,0.3811454,0.068925,1.0964175,0.8582164,0.1669044,2.43037,0.3819658,0.0568656,1.155725,0.3838432,0.1184829,2.4607775,0.9733475,0.001465941,2.4557575,0.33546781,0.3206583,0.61723625,0.5665537,0.1137795,0.851575,0.8407227,0.1493061,0.999425,0.6082604,0.1795965,1.875765,0.8930617,0.6310335,2.11597,0.9390853,0.0326103,1.28033,0.730605,0.2528337,0.6321947,0.756036907203666,0.843136223678289,0.32406561601183,0.0733836958907295,0.286507823796216,0.503689920507257,0.286507823796216,0.0741988159659281,0,11111.9849292743,0.000204713,36469502.4741323,1e-04,0,0.0597398281097412,110.209121227264,"5_81_11",5,81,11,1531,TRUE,TRUE,4,0.011700401673362,3,FALSE
"49",1.4701975,0.79084,0.2423613,2.7921975,0.934025,0.0723009,1.95403,0.7854031,0.12543391,2.8498225,0.9992433,0.2863332,1.9767575,0.9611724,0.2960973,0.505835475,0.34278533,0.01676049,1.010755,0.870759,0.1882176,2.4615975,0.3808073,0.071913,1.2677325,0.3874167,0.1332174,2.876155,0.5899036,0.0656589,2.3639525,0.4192163,0.4218735,1.2931325,0.6478489,0.101937,0.8421025,0.8442031,0.1358103,1.0075325,0.5702,0.1780614,1.871365,0.8295668,0.62008,1.98936,0.9228208,0.04785,1.2831325,0.7196479,0.2510094,0.6320381,0.756356505196772,0.842197118702008,0.340612047953814,0.0733356128634936,0.287364170079167,0.497486722711973,0.287364170079167,0.0648711397699669,0,14418.3805154804,0.000295384,36469502.4741323,1e-04,0,0.0598161220550537,119.369635343552,"5_88_6",5,88,6,1659,TRUE,TRUE,2,0.00898188925016549,3,TRUE
"50",1.6365675,0.7923429,0.258537,2.8797025,0.9655579,0.0789318,1.87604,0.6191209,0.1727929,2.685795,0.9792912,0.2856963,1.923065,0.7294346,0.2582013,0.57172525,0.3821667,0.079044,1.0805325,0.8640761,0.1640616,2.4569325,0.34082372,0.0914094,0.7594975,0.3843367,0.1159887,2.3572475,0.7750928,0.02699448,2.530885,0.36059242,0.3722085,1.561685,0.69116,0.0973632,0.9215975,0.7437104,0.2110509,1.0542425,0.5521176,0.1620966,1.8436125,0.7458055,0.5821145,1.7586325,0.8397112,0.1183404,1.0601925,0.8677154,0.2771343,0.6361379,0.755617984020508,0.855338427532963,0.260660669974097,0.0734466745674763,0.275138739773708,0.526784387850742,0.275138739773708,0.110949233322406,0,14765.9001186231,0.000304914,36469502.4741323,1e-04,0,0.06038498878479,119.99529337883,"5_88_15",5,88,15,1668,TRUE,TRUE,4,0.022440872817397,6,FALSE
"51",1.4701975,0.79084,0.2423613,2.7921975,0.934025,0.0762441,1.9946125,0.774404,0.12679066,2.8466775,0.9971083,0.2852286,2.012885,0.983585,0.298305,0.506726075,0.34063017,0.01898751,1.002355,0.8887,0.1912146,2.4886,0.35191172,0.071913,1.2677325,0.3874167,0.1332174,2.876155,0.5899036,0.0656589,2.3639525,0.4192163,0.4218735,1.2931325,0.6478489,0.101937,0.8421025,0.8442031,0.1358103,1.0075325,0.5702,0.1780614,1.871365,0.8295668,0.62008,1.98936,0.9228208,0.04785,1.2831325,0.7196479,0.2510094,0.6320381,0.753365447595744,0.845279879284808,0.335033525130485,0.0737843872801518,0.284543422389616,0.499586697382797,0.284543422389616,0.0711768470259045,0,14418.3805154804,0.000295384,36469502.4741323,1e-04,0,0.0604689121246338,121.49872136116,"5_89_17",5,89,17,1689,TRUE,TRUE,2,0.0107477368896612,3,FALSE
"52",1.5582725,0.7544274,0.2608824,2.877265,0.9592936,0.0748584,1.8533275,0.7032602,0.1419127,2.7056975,0.9996031,0.296472,1.8990975,0.9748224,0.2876166,0.50650325,0.31719571,0.01765923,1.0646225,0.8471613,0.174333,2.4506675,0.3808297,0.0803808,1.1835075,0.3910266,0.1294674,2.5492025,0.7384261,0.0433614,2.4078525,0.4390942,0.3761645,1.24636,0.6286276,0.1005483,0.8034875,0.8599083,0.2213607,1.0184725,0.6109232,0.1670286,1.9303125,0.8782105,0.601667,1.9319775,0.8058368,0.0842238,1.2596525,0.6964072,0.2622492,0.6346139,0.755570828814507,0.836220977605841,0.316817696420165,0.0734537602484747,0.292754979108802,0.506383206862442,0.292754979108802,0.0673805660837139,0,29452.9974869895,0.000707677,36469502.4741323,1e-04,0,0.0750191211700439,121.83656334877,"5_90_2",5,90,2,1693,TRUE,TRUE,4,0.00999260813433189,3,FALSE
"53",1.52245,0.7545373,0.2516736,2.8122675,0.9432692,0.0671583,1.868075,0.8151587,0.12939898,2.8498225,0.9992433,0.2863332,1.9767575,0.9611724,0.2960973,0.505835475,0.34278533,0.01676049,1.010755,0.870759,0.1882176,2.4615975,0.3808073,0.071913,1.2677325,0.3874167,0.1332174,2.876155,0.5899036,0.0656589,2.3639525,0.4192163,0.4218735,1.2931325,0.6478489,0.101937,0.8421025,0.8548739,0.1128678,1.0158875,0.5350054,0.1785411,1.9429425,0.7557602,0.609341,1.8807425,0.8902519,0.0532032,1.36924,0.7451342,0.2644509,0.6367037,0.757454302065404,0.842882961039336,0.32774490877292,0.0731702103397949,0.286739019501261,0.502317190027136,0.286739019501261,0.07036632537664,0,21195.5232987389,0.000481233,36469502.4741323,1e-04,0,0.0604071617126465,123.665925264359,"5_91_9",5,91,9,1719,TRUE,TRUE,2,0.0106230402092683,3,FALSE
"54",1.4231225,0.8002445,0.2431632,2.795195,0.9323247,0.0753603,1.9763175,0.4570891,0.1307506,2.83477,0.9734133,0.2739714,2.3308525,0.832357,0.2774592,0.54523225,0.3205828,0.01137258,0.9649875,0.8735219,0.185775,2.47552,0.3897008,0.0947358,1.403655,0.3737401,0.1236855,2.5089025,0.6418373,0.058383,2.3587125,0.304614351,0.370952,0.96739,0.6257408,0.107322,0.9012175,0.8180609,0.1316763,0.9755925,0.6837757,0.1878,1.75277,0.8460161,0.649562,2.239755,0.9739411,0.01530543,1.2054475,0.7365256,0.2360205,0.6317987,0.756376872783178,0.844320206309026,0.338427632141941,0.0733325475227786,0.28542451821375,0.498310076649352,0.28542451821375,0.0714303166173153,0,18445.4143385496,0.000405817,36469502.4741323,1e-04,0,0.0593421459197998,124.079354286194,"5_91_15",5,91,15,1725,TRUE,TRUE,3,0.0107754156625353,3,FALSE
"55",1.6365675,0.7923429,0.258537,2.8797025,0.9655579,0.0789318,1.87604,0.6191209,0.1727929,2.685795,0.9792912,0.2856963,1.923065,0.7294346,0.2582013,0.57172525,0.3821667,0.079044,1.0805325,0.7967816,0.1539408,2.45299,0.34973794,0.1155411,0.74144075,0.3843367,0.1159887,2.3572475,0.7750928,0.02699448,2.530885,0.36059242,0.3722085,1.561685,0.69116,0.0973632,0.9215975,0.7437104,0.2110509,1.0542425,0.5521176,0.1620966,1.8436125,0.7458055,0.5821145,1.7586325,0.8397112,0.1183404,1.0601925,0.8677154,0.2771343,0.6361379,0.755940492233662,0.853699412147003,0.259456384333216,0.0733981951902983,0.276693010444509,0.527213244209838,0.276693010444509,0.10898571366067,0,14765.9001186231,0.000304914,36469502.4741323,1e-04,0,0.0604009628295898,124.285673141479,"5_91_18",5,91,18,1728,TRUE,TRUE,4,0.0219120165850163,6,FALSE
"56",1.5174775,0.7624333,0.2510583,2.8155175,0.9456849,0.0690744,1.8842825,0.7897095,0.1330186,2.833695,0.9925296,0.2838654,1.9889875,0.9099779,0.2876067,0.520194325,0.35311278,0.0300216,1.0289025,0.874952,0.183054,2.463785,0.3726481,0.0784422,1.19346,0.39149,0.1362969,2.679385,0.5408714,0.0676257,2.366325,0.4569869,0.4392435,1.3968825,0.6567067,0.1003884,0.832455,0.8555963,0.1234635,1.023035,0.5207485,0.1750017,1.945925,0.991593,0.616951,2.03853,0.8477276,0.0559791,1.2786025,0.690824,0.2645928,0.6348893,0.755452033846031,0.842376206542003,0.325303362305467,0.0734716077032726,0.287201061403253,0.503228539925123,0.287201061403253,0.0719937662515186,0,18762.1567596301,0.000414503,36469502.4741323,1e-04,0,0.0664160251617432,125.033003330231,"5_92_9",5,92,9,1738,TRUE,TRUE,4,0.011091206308557,3,FALSE
"57",1.4601075,0.7986051,0.2444667,2.799745,0.9368502,0.0691893,2.0445625,0.7854031,0.12543391,2.8498225,0.9992433,0.2863332,1.9767575,0.9611724,0.2960973,0.505835475,0.34278533,0.01676049,1.010755,0.870759,0.1882176,2.4615975,0.3808073,0.071913,1.2677325,0.3874167,0.1332174,2.876155,0.5899036,0.0656589,2.3639525,0.4192163,0.4218735,1.2931325,0.6478489,0.101937,0.8421025,0.8442031,0.1358103,0.9994325,0.5799125,0.1810737,1.851225,0.8303662,0.632098,2.0654275,0.963551,0.02315424,1.2855525,0.7408782,0.2507892,0.6302027,0.754904639765524,0.841345315705129,0.345346267017107,0.0735537908493105,0.288138706725463,0.495697598569714,0.288138706725463,0.0668529478458662,0,13039.1689278561,0.000257562,36469502.4741323,1e-04,0,0.0675079822540283,125.83695936203,"5_93_1",5,93,1,1749,TRUE,TRUE,3,0.00945026663575777,3,FALSE
"58",1.4975925,0.7940166,0.2485965,2.828515,0.9553456,0.0767394,1.9491075,0.6879127,0.1474972,2.7691825,0.9656734,0.2739933,2.0379125,0.7051985,0.2536446,0.57762975,0.3944223,0.0830655,1.101485,0.8917247,0.1623993,2.472535,0.34001242,0.1045596,0.8963675,0.4077832,0.1486146,1.8923125,0.34474316,0.0754926,2.3758175,0.6080686,0.5087225,1.811885,0.6921365,0.0941934,0.79387,0.8584852,0.2574606,1.008625,0.7710146,0.1568418,1.65451,0.716486,0.597678,1.7960575,0.8477276,0.0892356,1.3472125,0.7352978,0.265161,0.627632,0.752566601561785,0.853105934094986,0.2546958760643,0.0739037840015931,0.277253654235271,0.528905097576538,0.277253654235271,0.103863439911139,0,9028.61767148369,0.000147581,36469502.4741323,1e-04,0,0.0832788944244385,127.208594322205,"5_94_1",5,94,1,1768,TRUE,TRUE,4,0.0205591512887544,6,FALSE
"59",1.5608325,0.7852561,0.2573925,2.8433175,0.9218541,0.0740247,1.9022275,0.7378871,0.1466125,2.776695,0.9981023,0.2945697,1.7339425,0.9075538,0.2843121,0.55827175,0.301529878,0.02927859,1.0149525,0.9406827,0.1836438,2.4856,0.34439666,0.0964098,1.0420225,0.3964684,0.1435239,2.825285,0.3735399,0.0859233,2.3323075,0.5321746,0.5347775,2.00251,0.7294493,0.0934398,0.9399075,0.7928063,0.2535744,1.0325025,0.5075458,0.1833267,1.85618,0.5201549,0.639941,2.1440575,0.8363323,0.01808814,1.3882075,0.8512346,0.2638383,0.634697,0.748461563443065,0.846134684056283,0.321634163727653,0.0745143116979538,0.283756304476159,0.504595036928915,0.283756304476159,0.0746731810172082,0,6559.67504372575,7.98754e-05,36469502.4741323,1e-04,0,0.0609688758850098,129.197321176529,"5_95_10",5,95,10,1796,TRUE,TRUE,3,0.0118587888830045,3,FALSE
"60",1.4701975,0.79084,0.2423613,2.7921975,0.934025,0.0723009,1.95403,0.7854031,0.12543391,2.8498225,0.9992433,0.2863332,1.9767575,0.9611724,0.2960973,0.505835475,0.34278533,0.01676049,1.0270675,0.8140926,0.1794714,2.4564775,0.3920591,0.0859551,1.2955725,0.3889315,0.1366671,2.8088375,0.5152899,0.0690078,2.332555,0.4522472,0.4394495,2.01268,0.7053903,0.083682,0.7896575,0.8315688,0.2842533,1.039605,0.768209,0.1631049,1.8110525,0.9767978,0.634153,1.98936,0.9228208,0.04785,1.2831325,0.7196479,0.2510094,0.6320381,0.757442517280469,0.842962191106175,0.326216145723649,0.0731719879114562,0.286666712841772,0.502888020865295,0.286666712841772,0.0732454318424503,0,14418.3805154804,0.000295384,36469502.4741323,1e-04,0,0.0602588653564453,130.160630226135,"5_96_4",5,96,4,1809,TRUE,TRUE,4,0.0114162644992403,3,FALSE
"61",1.4657425,0.8184543,0.2345334,2.8926825,0.9819687,0.078405,1.85501,0.5459485,0.1974937,2.687845,0.9574715,0.276672,2.107725,0.4257697,0.2381367,0.5962555,0.35243056,0.045261,1.118365,0.8153169,0.1758513,2.482125,0.3236439,0.0786909,0.9514575,0.3917581,0.126879,2.8511375,0.7152638,0.00410355,2.443925,0.4082956,0.364865,0.988475,0.6118906,0.1073388,0.8407175,0.8411168,0.173205,1.0033025,0.6137974,0.1729269,1.823075,0.8523301,0.608809,1.94731,0.8857677,0.0884772,1.1733325,0.6975139,0.2454537,0.6297347,0.751057674460217,0.859774004610485,0.269116531428566,0.0741287858114671,0.27088778291295,0.523763295017266,0.27088778291295,0.114714373113831,0,8448.84703450944,0.000131682,36469502.4741323,1e-04,0,0.060621976852417,130.370522260666,"5_96_7",5,96,7,1812,TRUE,TRUE,3,0.0234039125039206,6,FALSE
"62",1.5128775,0.762035,0.2497581,2.80829,0.9410516,0.068904,1.8770275,0.7896192,0.12629344,2.84473,0.9993721,0.2861652,2.1170375,0.8446119,0.287709,0.5132968,0.34951751,0.03567,1.1215325,0.7976881,0.1616763,2.43875,0.3837858,0.05694,1.0849775,0.3957362,0.124524,2.8589875,0.7743921,0.02953302,2.387525,0.4214787,0.4128535,1.22781,0.6358873,0.103521,0.8343025,0.8572868,0.1191864,1.015275,0.5430701,0.1783281,1.9049475,0.78517,0.609396,1.9051325,0.887118,0.0569985,1.32516,0.7272814,0.2581758,0.6347153,0.757369946795933,0.842863494748752,0.325295245339038,0.0731829332128224,0.286756781967487,0.503231566972132,0.286756781967487,0.0722938148166216,0,22667.3216935384,0.000521594,36469502.4741323,1e-04,0,0.0624039173126221,130.725757360458,"5_96_12",5,96,12,1817,TRUE,TRUE,4,0.0111718605724724,3,FALSE
"63",1.705915,0.7805073,0.2704482,2.9235975,0.9846371,0.0780672,1.83001,0.6000004,0.1648075,2.7467575,0.9893726,0.297492,1.87904,0.7198803,0.258072,0.578681,0.3832405,0.0841047,1.0601425,0.8676146,0.1648734,2.45939,0.3356727,0.0979884,0.7066395,0.3824432,0.1116765,2.4413925,0.8683601,0.02280855,2.5701275,0.31930439,0.3502385,0.66225025,0.6192329,0.1201821,0.9871525,0.7595038,0.02549706,1.0141525,0.304607078,0.1807923,1.9190025,0.5617664,0.5645235,1.60207,0.992244,0.0418239,1.5121725,0.9416284,0.2924364,0.6295022,0.752966941628924,0.860536378528705,0.263446869649628,0.0738439727083094,0.270150404504627,0.525790857665057,0.270150404504627,0.151398429468772,0,7278.00134534854,9.9574e-05,36469502.4741323,1e-04,0,0.0626180171966553,130.940602302551,"5_96_15",5,96,15,1820,TRUE,TRUE,3,0.033733426661181,2,FALSE
"64",1.5608325,0.7852561,0.2573925,2.8433175,0.9218541,0.0740247,1.9022275,0.7378871,0.1466125,2.776695,0.9981023,0.2945697,1.7339425,0.9075538,0.2843121,0.55827175,0.301529878,0.02927859,1.0149525,0.9406827,0.1836438,2.4856,0.34439666,0.0964098,1.0420225,0.3964684,0.1435239,2.825285,0.3735399,0.0859233,2.3323075,0.5321746,0.5347775,2.00251,0.7294493,0.0934398,0.9399075,0.7928063,0.2535744,1.0325025,0.5075458,0.1833267,1.85618,0.4947792,0.5869915,1.831575,0.8076813,0.0366882,1.470605,0.8632298,0.2638383,0.634697,0.751002208678005,0.850038773395914,0.309609705329877,0.0741370435114854,0.280133240433567,0.509047524008566,0.280133240433567,0.0721367478855302,0,6559.67504372575,7.98754e-05,36469502.4741323,1e-04,0,0.0632560253143311,131.405875205994,"5_97_2",5,97,2,1826,TRUE,TRUE,1,0.0113446230444013,5,FALSE
"65",1.541445,0.8035744,0.2423013,2.9009925,0.9852013,0.0780078,1.851575,0.5318302,0.1951738,2.7948475,0.9729485,0.2810622,2.170935,0.4474522,0.2464836,0.5785885,0.32558171,0.0204099,1.0630125,0.8184326,0.2002476,2.47866,0.33556336,0.0351891,1.1742725,0.3873719,0.124125,2.8714375,0.808158,0.00844284,2.4335525,0.3732921,0.3543545,0.931505,0.60989,0.1076604,0.98112,0.6781862,0.2553684,1.07588,0.5639833,0.1544658,1.80324,0.6988383,0.5871255,1.8031125,0.8600126,0.1076136,1.14374,0.7472468,0.2609658,0.6343049,0.758157567890351,0.859308744542614,0.296044045796289,0.0730640541311111,0.271336804146815,0.514024398952845,0.271336804146815,0.081764046216036,0,11633.2278681327,0.000219007,36469502.4741323,1e-04,0,0.0613760948181152,132.789315223694,"5_98_2",5,98,2,1845,TRUE,TRUE,2,0.014089730132288,6,FALSE
"66",1.66425,0.7832093,0.2660778,2.90458,0.9787788,0.0778017,1.85383,0.6879127,0.1474972,2.7691825,0.9656734,0.2739933,2.0379125,0.7051985,0.2536446,0.57762975,0.3944223,0.0830655,1.101485,0.8917247,0.1623993,2.472535,0.34001242,0.1045596,0.8963675,0.4077832,0.1486146,1.8923125,0.34474316,0.0754926,2.3758175,0.6080686,0.5087225,1.811885,0.6921365,0.0941934,0.79387,0.8584852,0.2574606,1.008625,0.7710146,0.1568418,1.65451,0.716486,0.597678,1.7960575,0.8477276,0.0892356,1.3472125,0.7352978,0.265161,0.627632,0.752804710967015,0.855009565491594,0.237858270152872,0.0738682160028493,0.275451301432008,0.534846134420185,0.275451301432008,0.108999049601536,0,9028.61767148369,0.000147581,36469502.4741323,1e-04,0,0.0701799392700195,133.877895355225,"5_98_15",5,98,15,1858,TRUE,TRUE,4,0.0221423899009498,6,FALSE
"67",1.50006,0.7717853,0.2468796,2.8412225,0.9545686,0.0698031,1.8407225,0.7501497,0.1509337,2.7556525,0.9926927,0.2853447,1.9546075,0.9314469,0.292197,0.523753075,0.34970287,0.0662277,0.99316,0.9223301,0.1879251,2.46004,0.36362097,0.0590778,1.157425,0.4013705,0.1435812,2.0096675,0.4578024,0.1048443,2.626805,0.36236391,0.353736,1.800735,0.7238605,0.0931923,0.9580125,0.6882865,0.2656596,1.0877925,0.5388379,0.1495635,1.81811,0.6997714,0.553015,1.5828025,0.8657211,0.0773367,1.2758225,0.7842698,0.2692941,0.6367082,0.759749349837686,0.847478122262871,0.285694700327502,0.0728232071346613,0.282514813435727,0.5177891273392,0.282514813435727,0.0764571965709527,0,20051.407081677,0.000449858,36469502.4741323,1e-04,0,0.059384822845459,134.009699344635,"5_98_17",5,98,17,1860,TRUE,TRUE,4,0.0128272684815709,NA,NA
"68",1.4701975,0.79084,0.2423613,2.7921975,0.934025,0.0723009,1.95403,0.7854031,0.12543391,2.8498225,0.9992433,0.2863332,1.9767575,0.9611724,0.2960973,0.505835475,0.34278533,0.01676049,1.010755,0.870759,0.1882176,2.4615975,0.3808073,0.071913,1.2677325,0.3874167,0.1332174,2.876155,0.5899036,0.0656589,2.3639525,0.4192163,0.4218735,1.2931325,0.6478489,0.101937,0.8421025,0.8442031,0.1358103,1.0075325,0.5702,0.1780614,1.871365,0.7859799,0.576147,1.7105175,0.9238134,0.04785,1.2831325,0.7196479,0.2510094,0.6320381,0.758454971513903,0.843881984280231,0.318400586511374,0.0730191153691423,0.28582595571219,0.505796237777128,0.28582595571219,0.0671110652502875,0,14418.3805154804,0.000295384,36469502.4741323,1e-04,0,0.0607728958129883,134.670249223709,"5_99_7",5,99,7,1869,TRUE,TRUE,1,0.00989809454063173,5,FALSE
"69",1.541445,0.8035744,0.2423013,2.9009925,0.9852013,0.0780078,1.851575,0.5318302,0.1951738,2.7948475,0.9729485,0.2810622,2.170935,0.4474522,0.2464836,0.5785885,0.32558171,0.0204099,1.0630125,0.8184326,0.2002476,2.47866,0.33556336,0.0351891,1.1742725,0.3873719,0.124125,2.8714375,0.808158,0.00844284,2.4335525,0.3732921,0.3543545,0.931505,0.60989,0.1076604,0.98112,0.6781862,0.2553684,1.07588,0.5639833,0.1544658,1.632415,0.8014702,0.5871255,1.8031125,0.8600126,0.1076136,1.14374,0.7472468,0.2609658,0.6343049,0.758157567890351,0.859308744542614,0.296044045796289,0.0730640541311111,0.271336804146815,0.514024398952845,0.271336804146815,0.081764046216036,0,11633.2278681327,0.000219007,36469502.4741323,1e-04,0,0.0610220432281494,135.085017204285,"5_99_13",5,99,13,1875,TRUE,TRUE,2,0.014089730132288,NA,NA
"70",1.5934,0.752074,0.2672832,2.86393,0.937763,0.0647463,1.9017625,0.9478906,0.2247574,2.84473,0.9993721,0.2861652,2.1170375,0.8446119,0.287709,0.5132968,0.34951751,0.03567,1.1215325,0.7976881,0.1616763,2.43875,0.3837858,0.05694,1.0849775,0.3957362,0.124524,2.8589875,0.7743921,0.02953302,2.280275,0.5189026,0.5545145,2.07624,0.7362176,0.0918405,0.9224525,0.8042128,0.1981188,1.0293125,0.489168,0.1858191,1.91737,0.4798503,0.5927515,1.8137375,0.8317291,0.02140767,1.53004,0.882757,0.2759268,0.6375308,0.755548723432496,0.847007692336519,0.317346825153139,0.0734570816333838,0.282950164424778,0.506187070484209,0.282950164424778,0.0729936404210282,0,15179.1311934197,0.000316246,36469502.4741323,1e-04,0,0.0600481033325195,135.222804307938,"5_99_15",5,99,15,1877,TRUE,TRUE,2,0.0114640449485547,5,FALSE
"71",1.4175,0.8265127,0.2280894,2.757675,0.9189386,0.0826185,1.94831,0.5358314,0.3345664,1.8000675,0.8959086,0.2283219,2.3853675,0.7203535,0.2399925,0.5857515,0.33848306,0.02425515,1.124055,0.7969503,0.1777629,2.4649275,0.34954026,0.0763359,1.039265,0.3889392,0.1267182,2.8788975,0.7085438,0.00351645,2.442795,0.4081318,0.3667215,1.0072925,0.6159989,0.1064565,0.83752,0.8460651,0.1715328,1.020505,0.5800861,0.1775247,1.737655,0.712041,0.6006015,1.9907125,0.8465642,0.0588162,1.2535675,0.7557294,0.2339934,0.6285002,0.751548424305303,0.83111913122171,0.323756155964901,0.0740556832636071,0.297279786345537,0.503805208376669,0.297279786345537,0.0633835900438019,0,7670.95740447393,0.00011035,36469502.4741323,1e-04,0,0.066215991973877,135.361675262451,"5_99_17",5,99,17,1879,TRUE,TRUE,3,0.00885053778361795,6,TRUE
"72",1.574695,0.7978967,0.2421453,2.87296,0.9732047,0.0779799,1.8953325,0.5528967,0.1867816,2.8783175,0.9798526,0.2794956,2.2432575,0.4680721,0.2528331,0.56226,0.3100534,0.00387804,1.0356575,0.8233725,0.2152803,2.4455125,0.36822844,0.0566337,1.033255,0.3852453,0.1191048,2.8121125,0.9164795,0.01406586,2.4300875,0.33820761,0.3410766,0.882625,0.6044713,0.1087098,1.0591675,0.5851849,0.2970771,1.1181825,0.5341745,0.1442958,1.646445,0.7027478,0.5790545,1.75216,0.860112,0.1096314,1.12642,0.7751418,0.2680242,0.6363413,0.763806705928973,0.855616629206967,0.294485768463732,0.0722056691529632,0.27487404994289,0.514593006821712,0.27487404994289,0.0784488502753906,0,13043.5083646634,0.000257681,36469502.4741323,1e-04,0,0.0660469532012939,135.817643165588,"5_100_4",5,100,4,1885,TRUE,TRUE,2,0.013225526807254,6,FALSE
"73",1.5608325,0.7852561,0.2573925,2.8433175,0.9218541,0.0740247,1.9022275,0.7378871,0.1466125,2.776695,0.9981023,0.2945697,1.7339425,0.9075538,0.2843121,0.55827175,0.301529878,0.02927859,1.0149525,0.9406827,0.1836438,2.4856,0.34439666,0.0964098,1.0420225,0.3964684,0.1435239,2.825285,0.3735399,0.0859233,2.3323075,0.5321746,0.5347775,2.2918125,0.7598167,0.0888609,0.828695,0.9256201,0.1579281,0.977825,0.5125193,0.2022033,1.9106775,0.5644922,0.5782085,1.7574975,0.8587225,0.01112253,1.5821175,0.8411511,0.2558733,0.6328835,0.748901424364519,0.850083177426641,0.315584278070539,0.0744491322457137,0.280091763158924,0.506840113228966,0.280091763158924,0.0774491073835278,0,8787.79716160395,0.000140977,36469502.4741323,1e-04,0,0.0609748363494873,135.884763240814,"5_100_5",5,100,5,1886,TRUE,TRUE,2,0.0126831175559541,5,FALSE
"74",1.66425,0.7832093,0.2660778,2.90458,0.9787788,0.0778017,1.85383,0.6879127,0.1474972,2.7691825,0.9656734,0.2739933,2.0379125,0.7051985,0.2444892,0.5848395,0.34794678,0.0377988,1.11282,0.8302584,0.1770876,2.48805,0.32451841,0.0819807,1.010685,0.392708,0.1310973,2.68158,0.6357837,0.01791168,2.4293975,0.4481193,0.3951215,1.1682125,0.631226,0.104004,0.82879,0.8485487,0.1887183,1.01813,0.6182718,0.173388,1.7210275,0.7477991,0.6351635,2.174855,0.8460028,0.0649002,1.2722975,0.7516428,0.2402268,0.627632,0.750359627194293,0.852935600870328,0.264944253079027,0.0742326435478338,0.277414354486682,0.525256129730851,0.277414354486682,0.094215550227322,0,7942.48216470477,0.000117796,36469502.4741323,1e-04,0,0.0655720233917236,136.022979259491,"5_100_7",5,100,7,1888,TRUE,TRUE,4,0.0178247350108761,3,FALSE
"75",1.413645,0.8005581,0.2327823,2.7566975,0.9184297,0.0737856,2.0008375,0.7979674,0.1320865,2.801605,0.989794,0.2763915,2.02179,0.9592215,0.2947965,0.50343065,0.34402545,0.01608147,1.0286275,0.8176381,0.1791363,2.46089,0.3860965,0.0747003,1.19077,0.3922684,0.1331931,2.655375,0.5485777,0.0579921,2.3731925,0.4267161,0.452563,1.0782575,0.6194695,0.104013,0.91953,0.7303355,0.2324673,1.0653975,0.5756327,0.1584993,1.672875,0.8064542,0.600431,1.906315,0.8946066,0.0435426,1.1749025,0.6646272,0.2495769,0.6305603,0.759452221481523,0.842350778971234,0.326054799169682,0.0728682250229226,0.287224225833756,0.502948228891796,0.287224225833756,0.0636974625840518,0,13643.4810855979,0.000274134,36469502.4741323,1e-04,0,0.0600681304931641,136.377195358276,"5_100_12",5,100,12,1893,TRUE,TRUE,1,0.00889360548895985,3,FALSE
"76",1.5818075,0.8146547,0.2449779,2.8926825,0.9819687,0.078405,1.85501,0.435639,0.2120497,2.663895,0.9504876,0.2790099,2.2238025,0.32436875,0.2171445,0.612583,0.4177988,0.0891219,1.1545175,0.756862,0.1608348,2.4611575,0.31666476,0.0799536,0.683152,0.3805378,0.1014009,2.544025,0.8888799,0.0463884,2.6341825,0.36200019,0.3827665,1.0837325,0.5237172,0.1287324,0.878515,0.8144748,0.00925686,0.9886225,0.4514464,0.1708995,1.8733325,0.90592,0.5908345,1.7637075,0.966582,0.0925857,1.2065875,0.7602325,0.268332,0.6255791,0.752674608914527,0.864648550934541,0.256957785041307,0.073887652340746,0.266137827748762,0.528101905823459,0.266137827748762,0.154540748774958,0,9023.51245171034,0.000147441,36469502.4741323,1e-04,0,0.0626239776611328,137.03843832016,"5_101_2",5,101,2,1902,TRUE,TRUE,1,0.0346620406582545,2,FALSE
"77",1.541445,0.8035744,0.2423013,2.9009925,0.9852013,0.0780078,1.851575,0.5318302,0.1951738,2.7948475,0.9729485,0.2810622,2.170935,0.4474522,0.2464836,0.5785885,0.32558171,0.0204099,1.0739525,0.7199972,0.1966416,2.45889,0.3689234,0.01782159,1.29327,0.3840119,0.1158603,2.73551,0.9481881,0.01390233,2.4662625,0.31107449,0.3114171,1.0393375,0.4976128,0.1197819,1.0537875,0.5219581,0.2553684,1.07588,0.5639833,0.1544658,1.80324,0.6988383,0.5871255,1.8031125,0.8600126,0.1076136,1.14374,0.7472468,0.2609658,0.6343049,0.762834867313042,0.855697682064203,0.310957605686314,0.0723540650323775,0.274796885742353,0.508550355541081,0.274796885742353,0.0756625460633021,0,11633.2278681327,0.000219007,36469502.4741323,1e-04,0,0.0604479312896729,137.243466377258,"5_101_5",5,101,5,1905,TRUE,TRUE,1,0.0122619512502151,6,FALSE
"78",1.3609825,0.7973206,0.2241528,2.7261225,0.9326908,0.0714303,2.01752,0.8343107,0.11398507,2.8687325,0.992622,0.2717571,2.23509,0.9791946,0.2971929,0.536545,0.3781284,0.00998472,1.0438525,0.757709,0.1793034,2.43726,0.4147629,0.0515508,1.35018,0.3857206,0.1232139,2.7367925,0.7668314,0.0360885,2.401375,0.33530212,0.3542975,0.69077475,0.5331791,0.1143753,0.91321,0.6905923,0.192117,1.0791375,0.6152653,0.1431516,1.9049475,0.78517,0.609396,1.9051325,0.887118,0.0569985,1.32516,0.7272814,0.2474058,0.6307148,0.766731928765897,0.839591546102372,0.33278659418045,0.0717571472542341,0.289726873176029,0.500430040759359,0.289726873176029,0.0679919572513905,0,19952.7304766294,0.000447152,36469502.4741323,1e-04,0,0.0599169731140137,137.381638288498,"5_101_7",5,101,7,1907,TRUE,TRUE,4,0.00992092057294031,5,FALSE
"79",1.574695,0.7978967,0.2421453,2.87296,0.9732047,0.0779799,1.8953325,0.5528967,0.1867816,2.8783175,0.9798526,0.2794956,2.2432575,0.4680721,0.2225703,0.5785135,0.32929493,0.00321693,1.074105,0.7255727,0.2285634,2.43996,0.3611618,0.0076572,1.139055,0.3779681,0.1035855,2.849035,0.7358263,0.0479187,2.511085,0.3888979,0.4032615,1.20562,0.4845305,0.1237494,1.0591675,0.5851849,0.2970771,1.1181825,0.5341745,0.1442958,1.646445,0.7027478,0.5790545,1.75216,0.860112,0.1096314,1.12642,0.7751418,0.2680242,0.6363413,0.764556437358679,0.857295463238805,0.303411898394046,0.0720909794298766,0.273271312710669,0.511327342501808,0.273271312710669,0.0794072122686314,0,13043.5083646634,0.000257681,36469502.4741323,1e-04,0,0.0663700103759766,137.939480304718,"5_101_15",5,101,15,1915,TRUE,TRUE,2,0.0133631775430454,6,FALSE
"80",1.5608325,0.7852561,0.2573925,2.8433175,0.9218541,0.0740247,1.9022275,0.7378871,0.1466125,2.776695,0.9981023,0.2945697,1.7339425,0.9075538,0.2843121,0.55827175,0.301529878,0.02927859,1.0149525,0.9406827,0.1836438,2.4856,0.34439666,0.0964098,1.0420225,0.3964684,0.1435239,2.825285,0.3735399,0.0859233,2.3323075,0.5321746,0.5347775,2.00251,0.7294493,0.0934398,0.9399075,0.7928063,0.2535744,0.99866,0.5313927,0.1914627,1.8449575,0.5737574,0.5934485,1.8723375,0.8076015,0.0350739,1.48446,0.8409138,0.258192,0.634697,0.749913284610924,0.849922290687016,0.314439845368983,0.0742989757534107,0.280242016366549,0.507263687751315,0.280242016366549,0.0709949255442522,0,5431.46523284337,4.89366e-05,36469502.4741323,1e-04,0,0.0599310398101807,138.005332231522,"5_101_16",5,101,16,1916,TRUE,TRUE,1,0.010974262713173,5,FALSE
"81",1.66425,0.7832093,0.2660778,2.90458,0.9787788,0.0778017,1.85383,0.6879127,0.1474972,2.7691825,0.9656734,0.2739933,2.0379125,0.7051985,0.2536446,0.57762975,0.3944223,0.0830655,1.101485,0.8917247,0.1623993,2.472535,0.34001242,0.1045596,0.8963675,0.3879809,0.1340937,2.695625,0.6151862,0.071097,2.3580275,0.4289841,0.430835,1.3513075,0.6551065,0.1006458,0.9447775,0.7167156,0.2258712,1.0658125,0.5705122,0.1590486,1.8121275,0.6492881,0.5631065,1.6122675,0.8879923,0.0714363,1.272275,0.7352978,0.265161,0.627632,0.755798022708838,0.855157966802169,0.246657202103759,0.0734196151310037,0.275310299719141,0.531749770285456,0.275310299719141,0.10936859954509,0,9028.61767148369,0.000147581,36469502.4741323,1e-04,0,0.0698809623718262,138.148936271667,"5_101_18",5,101,18,1918,TRUE,TRUE,4,0.0221487019276987,6,FALSE
"82",1.50006,0.7717853,0.2468796,2.8412225,0.9545686,0.0698031,1.8407225,0.7501497,0.1509337,2.7556525,0.9926927,0.2853447,1.9546075,0.9314469,0.292197,0.523753075,0.34970287,0.0662277,0.99316,0.9223301,0.1879251,2.46004,0.36362097,0.0590778,1.157425,0.4013705,0.1435812,2.0096675,0.4578024,0.1048443,2.626805,0.36236391,0.353736,1.800735,0.6403477,0.1018488,0.9580125,0.6882865,0.2656596,1.0877925,0.5388379,0.1495635,1.81811,0.6997714,0.553015,1.5828025,0.8657211,0.0773367,1.2758225,0.7842698,0.2692941,0.6367082,0.759749349837686,0.847478122262871,0.285694700327502,0.0728232071346613,0.282514813435727,0.5177891273392,0.282514813435727,0.0764571965709527,0,20051.407081677,0.000449858,36469502.4741323,1e-04,0,0.0631120204925537,138.318277359009,"5_102_1",5,102,1,1920,TRUE,TRUE,4,0.0128272684815709,5,FALSE
"83",1.6308025,0.7834781,0.2619993,2.8828675,0.969354,0.0769617,2.0940725,0.8175786,0.10377271,2.9609225,0.9755217,0.266226,2.32603,0.5241568,0.2543817,0.55245025,0.36142542,0.0429753,1.0298175,0.8689838,0.1880367,2.458655,0.3801542,0.0621429,1.27911,0.3909685,0.1479282,2.16191,0.577557,0.0303417,2.48673,0.4036777,0.388217,1.5675425,0.6801854,0.0963729,0.8715475,0.7820025,0.2126709,1.05132,0.5551234,0.1653561,1.83585,0.7110386,0.5921715,1.8052125,0.8335491,0.1097283,1.08297,0.5691339,0.2373972,0.635477,0.762728381705479,0.843672863754196,0.292596296183263,0.0723703064626525,0.286017323989313,0.515281624465197,0.286017323989313,0.0763002085901875,0,10024.6825151186,0.000174896,36469502.4741323,1e-04,0,0.0603289604187012,138.727510213852,"5_102_7",5,102,7,1926,TRUE,TRUE,4,0.0126849372786948,5,FALSE
"84",1.5818075,0.8146547,0.2449779,2.8926825,0.9819687,0.078405,1.85501,0.435639,0.2120497,2.663895,0.9504876,0.2790099,2.2238025,0.32436875,0.2171445,0.612583,0.4177988,0.0891219,1.1545175,0.756862,0.1608348,2.4611575,0.31666476,0.0799536,0.683152,0.3805378,0.1014009,2.544025,0.8888799,0.0463884,2.6341825,0.36200019,0.3827665,1.0837325,0.5237172,0.1287324,0.878515,0.8144748,0.00925686,0.9886225,0.4514464,0.1708995,1.8733325,0.90592,0.5908345,1.7409375,0.9915531,0.1493259,0.945095,0.7602325,0.268332,0.6255791,0.75349663540495,0.864170013101229,0.255479966025824,0.0737647612797724,0.266607880528198,0.528626809630457,0.266607880528198,0.153835840977186,0,9023.51245171034,0.000147441,36469502.4741323,1e-04,0,0.0652840137481689,139.145826339722,"5_102_13",5,102,13,1932,TRUE,TRUE,1,0.0344726767102686,2,FALSE
"85",1.371255,0.8217807,0.2213904,2.7479325,0.9401556,0.0798825,1.9713,0.5951788,0.1784806,2.63665,0.9695864,0.2918034,1.87368,0.7590117,0.2649813,0.564089,0.3730233,0.0734628,1.068205,0.7545814,0.1796373,2.4451675,0.3760214,0.0609792,1.151295,0.3838061,0.1188585,2.91545,0.8427415,0.01308981,2.4727975,0.301260077,0.3301189,0.627975,0.5404612,0.114216,0.73325125,0.9027273,0.0508296,1.0165,0.5997092,0.1701837,1.82167,0.8920453,0.5849405,1.8147425,0.9605935,0.0683925,1.1221275,0.6669743,0.2330082,0.6271574,0.757090180406615,0.839907767682076,0.329570528579742,0.073225113120369,0.289441155420395,0.501634663658964,0.289441155420395,0.0600793963178188,0,16619.1313622024,0.000355735,36469502.4741323,1e-04,0,0.0598978996276855,139.284207344055,"5_102_15",5,102,15,1934,TRUE,TRUE,1,0.00791191205269382,5,TRUE
"86",1.4485925,0.8066138,0.2339457,2.9009925,0.9852013,0.0780078,1.851575,0.6200778,0.183529,2.814005,0.9785359,0.279192,2.0780725,0.5285731,0.2632773,0.5655265,0.32671312,0.01467879,1.04503,0.7667607,0.2086545,2.475665,0.3745066,0.01681134,1.507915,0.3929873,0.1362426,2.9812025,0.8092955,0.01992552,2.3140575,0.348111,0.302904235,0.96313,0.5681511,0.1026669,1.02355,0.5432717,0.2134734,1.087625,0.6938641,0.1560879,1.7630325,0.6988383,0.5871255,1.8031125,0.8600126,0.1076136,1.14374,0.7472468,0.2609658,0.6343049,0.760974467182605,0.85010584228948,0.318039596909388,0.0726372950430001,0.280070589813465,0.505930160290727,0.280070589813465,0.0824246347913815,0,11633.2278681327,0.000219007,36469502.4741323,1e-04,0,0.0610268115997314,139.351571321487,"5_102_16",5,102,16,1935,TRUE,TRUE,4,0.0140083290104378,5,FALSE
"87",1.3609825,0.7973206,0.2241528,2.7261225,0.9326908,0.0714303,2.0166975,0.8343107,0.11398507,2.8687325,0.992622,0.2717571,2.23509,0.9791946,0.2971929,0.536545,0.3781284,0.00998472,1.0438525,0.757709,0.1793034,2.43726,0.4147629,0.0515508,1.35018,0.3857206,0.1232139,2.7367925,0.7668314,0.0360885,2.401375,0.33530212,0.3542975,0.69077475,0.5331791,0.1143753,0.91321,0.6905923,0.192117,1.0791375,0.6152653,0.1431516,1.9049475,0.78517,0.609396,1.9051325,0.887118,0.0569985,1.32516,0.7272814,0.2474058,0.6307148,0.766731928765897,0.839591546102372,0.33278659418045,0.0717571472542341,0.289726873176029,0.500430040759359,0.289726873176029,0.0679919572513905,0,19952.7304766294,0.000447152,36469502.4741323,1e-04,0,0.0592718124389648,139.488172292709,"5_102_18",5,102,18,1937,TRUE,TRUE,4,0.00992092057294031,NA,NA
"88",1.574695,0.7978967,0.2421453,2.87296,0.9732047,0.0779799,1.8953325,0.5528967,0.1867816,2.8783175,0.9798526,0.2794956,2.2432575,0.4680721,0.2225703,0.5785135,0.36427764,0.0594138,1.069385,0.7487791,0.1894227,2.444125,0.3730492,0.0503148,1.148845,0.3826385,0.1158039,2.9021675,0.8213586,0.02005557,2.511085,0.3888979,0.4032615,1.20562,0.4845305,0.1237494,1.0591675,0.5851849,0.2970771,1.1181825,0.5341745,0.1442958,1.646445,0.7027478,0.5790545,1.75216,0.860112,0.1096314,1.12642,0.7751418,0.2680242,0.6363413,0.763240448529635,0.85223161351542,0.292766742411025,0.0722921714348666,0.278077543671419,0.515219543153116,0.278077543671419,0.0782142916506209,0,13043.5083646634,0.000257681,36469502.4741323,1e-04,0,0.0665860176086426,140.079243183136,"5_103_7",5,103,7,1945,TRUE,TRUE,2,0.0131870840084754,6,FALSE
"89",1.6601175,0.7579379,0.2777685,2.8680475,0.9239891,0.0737547,1.8822275,0.8693758,0.1088188,2.8429825,0.9707897,0.2906445,1.4581325,0.7760364,0.2829459,0.53115,0.326117,0.0252648,0.9394525,0.9707155,0.1868745,2.484185,0.35960304,0.1108377,1.0608125,0.3979923,0.1517445,2.74318,0.3735399,0.0859233,2.3323075,0.5321746,0.5347775,2.00251,0.7294493,0.0934398,0.9399075,0.7928063,0.2535744,1.0325025,0.5075458,0.1833267,1.85618,0.4947792,0.5869915,1.831575,0.8076813,0.0366882,1.470605,0.8632298,0.2638383,0.6378356,0.752419228610487,0.84723660212538,0.30436494317213,0.0739257895141105,0.282738407673555,0.510977433675488,0.282738407673555,0.0678298802219682,0,6559.67504372575,7.98754e-05,36469502.4741323,1e-04,0,0.0622091293334961,140.147237300873,"5_103_8",5,103,8,1946,TRUE,TRUE,1,0.0103073400311922,5,FALSE
"90",1.5818075,0.8146547,0.2449779,2.8926825,0.9819687,0.078405,1.85501,0.435639,0.2120497,2.663895,0.9504876,0.2790099,2.2238025,0.32436875,0.2171445,0.612583,0.4177988,0.0891219,1.1545175,0.756862,0.1608348,2.4611575,0.31666476,0.0799536,0.683152,0.3805378,0.1014009,2.544025,0.8888799,0.0463884,2.6341825,0.36200019,0.3827665,1.0837325,0.5237172,0.1287324,0.878515,0.8144748,0.00925686,0.9886225,0.4514464,0.1708995,1.8733325,0.90592,0.5908345,1.7409375,0.9915531,0.1493259,0.945095,0.7602325,0.268332,0.6255791,0.75349663540495,0.864170013101229,0.255479966025824,0.0737647612797724,0.266607880528198,0.528626809630457,0.266607880528198,0.153835840977186,0,9023.51245171034,0.000147441,36469502.4741323,1e-04,0,0.0670568943023682,141.288958311081,"5_104_5",5,104,5,1962,TRUE,TRUE,1,0.0344726767102686,NA,NA
"91",1.6154275,0.7944954,0.2568096,2.9443775,0.9736933,0.0789522,1.811025,0.5159514,0.2087779,2.704705,0.9713637,0.2897997,1.9172325,0.4668688,0.2407551,0.6176375,0.302065672,0.0410349,1.07616,0.804896,0.1874223,2.47874,0.33327114,0.0533628,0.9933625,0.3994798,0.1286457,2.85818,0.5140782,0.001543089,2.46623,0.32560425,0.33413595,0.668464,0.5647106,0.1112808,1.0627525,0.5612064,0.2936796,1.07368,0.5056572,0.1666698,1.84086,0.4787436,0.5966765,1.890965,0.7854773,0.0882798,1.345305,0.8720659,0.2705952,0.6360554,0.756114763102631,0.863191089119227,0.293924353880496,0.0733719854933788,0.267566874582229,0.514797710394787,0.267566874582229,0.0772688326805311,0,6312.42560351715,7.30951e-05,36469502.4741323,1e-04,0,0.0596230030059814,141.428153276443,"5_104_7",5,104,7,1964,TRUE,TRUE,1,0.0129210469682459,6,FALSE
"92",1.65751,0.8035744,0.2423013,2.9009925,0.9852013,0.0780078,1.851575,0.5318302,0.1951738,2.7948475,0.9729485,0.2810622,2.170935,0.4474522,0.2464836,0.5785885,0.32558171,0.0204099,1.0739525,0.7199972,0.1966416,2.45889,0.3689234,0.01782159,1.29327,0.3840119,0.1158603,2.73551,0.9481881,0.0365895,2.65652,0.4592213,0.436214,1.03287,0.4094394,0.1411758,1.091585,0.4953161,0.0729066,1.0882725,0.3825545,0.1459296,1.8624775,0.6892462,0.5639855,1.5869,0.9922734,0.1130136,1.16591,0.8278175,0.2883615,0.630149,0.763713757642684,0.852155566497957,0.303867307375375,0.0722198751724161,0.278149088906065,0.511160169723624,0.278149088906065,0.0909135536627157,0,13110.4596754053,0.000259517,36469502.4741323,1e-04,0,0.0591049194335938,141.493235349655,"5_104_8",5,104,8,1965,TRUE,TRUE,4,0.0164891010196461,6,FALSE
"93",1.5608325,0.7852561,0.2573925,2.8433175,0.9218541,0.0740247,1.9022275,0.7378871,0.1466125,2.776695,0.9981023,0.2945697,1.7339425,0.9075538,0.2843121,0.55827175,0.31994916,0.00939768,0.9794225,0.8644268,0.2002761,2.4670125,0.3806204,0.0477144,1.3154725,0.3902713,0.134709,2.7327825,0.5598792,0.0937626,2.3501775,0.4543976,0.5347775,2.00251,0.7294493,0.0934398,0.9399075,0.7928063,0.2535744,1.0325025,0.5075458,0.1833267,1.85618,0.4947792,0.5869915,1.831575,0.8076813,0.0366882,1.470605,0.8632298,0.2638383,0.634697,0.756729523931593,0.848513249904944,0.324997202598435,0.0732794528664302,0.281554502806091,0.503342702957565,0.281554502806091,0.07329447864834,0,6559.67504372575,7.98754e-05,36469502.4741323,1e-04,0,0.0614829063415527,142.278069257736,"5_104_19",5,104,19,1976,TRUE,TRUE,2,0.0114448493910762,5,FALSE
"94",1.660945,0.7629919,0.2754306,2.875355,0.9349469,0.0745641,1.8765475,0.8330836,0.11655448,2.8282225,0.9697663,0.2873142,1.57409,0.7618691,0.2770857,0.540446,0.33977813,0.036825,0.97186,0.9549172,0.1819794,2.481855,0.35568493,0.1095819,1.0279225,0.3999509,0.1511184,2.5730075,0.36778051,0.0838374,2.34101,0.5473534,0.5295665,1.964385,0.6921365,0.0941934,0.79387,0.8584852,0.2574606,1.008625,0.7710146,0.1568418,1.65451,0.716486,0.597678,1.82447,0.8156907,0.0471978,1.445925,0.8376434,0.2641029,0.635795,0.75395413169104,0.852039847905648,0.285447484363495,0.0736962778797361,0.278257921969594,0.51787872114788,0.278257921969594,0.073869590917581,0,7053.45919337467,9.34164e-05,36469502.4741323,1e-04,0,0.0606670379638672,142.453082323074,"5_105_2",5,105,2,1978,TRUE,TRUE,1,0.0121605754050517,5,FALSE
"95",1.48226,0.799247,0.2419722,2.798925,0.9337352,0.0755376,1.9432825,0.7148774,0.1701685,2.639705,0.9779339,0.2678136,2.275525,0.5844352,0.25272,0.54542225,0.3805616,0.2167527,0.7751175,0.9092996,0.1867908,2.4785325,0.3702142,0.1270401,1.11528,0.40535,0.1493454,2.799005,0.3944377,0.0315828,2.2481225,0.442779,0.4499565,1.508035,0.6652705,0.0989055,0.8595025,0.8328939,0.1524198,1.0088075,0.588071,0.1757073,1.8409175,0.812281,0.5976255,1.85958,0.9090616,0.0537561,1.2219325,0.7321891,0.2506893,0.6316187,0.749571216578725,0.837391303447835,0.289328464165454,0.0743497713736033,0.291707125186541,0.51647041781692,0.291707125186541,0.0638418409459328,0,16067.330036415,0.000340603,36469502.4741323,1e-04,0,0.0606811046600342,142.66986322403,"5_105_5",5,105,5,1981,TRUE,TRUE,3,0.00958738180404104,3,FALSE
"96",1.69327,0.7916191,0.2667411,2.9448475,0.9779059,0.0769227,1.79183,0.4450792,0.2045194,2.66207,0.9652366,0.2791566,1.8537225,0.3993433,0.2252712,0.64193375,0.3718914,0.1029918,1.135105,0.8557139,0.1560384,2.44772,0.34723432,0.0563031,0.928455,0.3772996,0.1093278,2.915925,0.942236,0.0467856,2.501405,0.304854507,0.31167335,0.640494,0.5502486,0.1221849,0.87992,0.8262208,0.0911856,0.9778125,0.5676478,0.1729239,2.1548225,0.6272262,0.5443845,1.60402,0.9654207,0.069744,1.4887725,0.9399316,0.2793891,0.6309371,0.756737609665429,0.861708922042363,0.276400956342042,0.0732782350386759,0.269012359640181,0.521146688772623,0.269012359640181,0.102254166764697,0,7449.68259315499,0.000104282,36469502.4741323,1e-04,0,0.0601270198822021,142.951565265656,"5_105_9",5,105,9,1985,TRUE,TRUE,2,0.0198896281084898,6,FALSE
"97",1.5818075,0.8146547,0.2449779,2.8926825,0.9819687,0.078405,1.85501,0.435639,0.2120497,2.663895,0.9504876,0.2790099,2.2238025,0.32436875,0.2171445,0.612583,0.4177988,0.0891219,1.1545175,0.756862,0.1608348,2.4611575,0.31666476,0.0799536,0.683152,0.3805378,0.1014009,2.544025,0.8888799,0.0463884,2.7413475,0.4148798,0.395922,0.686804,0.338248,0.1498062,0.9696175,0.5977961,0.01069203,1.0233225,0.4965964,0.1708995,1.8733325,0.90592,0.5908345,1.7409375,0.9915531,0.1493259,0.945095,0.7602325,0.268332,0.6255791,0.75240995489356,0.862406683749045,0.253772248143799,0.0739271740328312,0.268332836787841,0.529232722397643,0.268332836787841,0.143317288134462,0,9023.51245171034,0.000147441,36469502.4741323,1e-04,0,0.0599899291992188,143.431744337082,"5_105_16",5,105,16,1992,TRUE,TRUE,2,0.0315225183938195,2,TRUE
"98",1.3609825,0.7973206,0.2241528,2.7261225,0.9326908,0.0714303,2.01752,0.8343107,0.12846628,2.81503,0.9903596,0.2754645,2.06445,0.9632164,0.2952759,0.510053525,0.35084604,0.01486212,1.0316725,0.805652,0.1791696,2.4561625,0.3918302,0.0515508,1.35018,0.3857206,0.1232139,2.7367925,0.7668314,0.0360885,2.401375,0.33530212,0.3542975,0.69077475,0.5331791,0.1143753,0.91321,0.6905923,0.192117,1.0791375,0.6152653,0.1431516,1.9049475,0.78517,0.609396,1.9051325,0.887118,0.0569985,1.32516,0.7272814,0.2474058,0.6307148,0.763482999050055,0.840485838007119,0.333927202136301,0.0722551317529551,0.288918117377038,0.500002112727409,0.288918117377038,0.0682754758041686,0,19952.7304766294,0.000447152,36469502.4741323,1e-04,0,0.0603058338165283,143.811458349228,"5_106_2",5,106,2,1997,TRUE,TRUE,4,0.00998122613967225,3,FALSE
"99",1.6365675,0.7923429,0.258537,2.8797025,0.9655579,0.0789318,1.87604,0.6191209,0.1727929,2.685795,0.9792912,0.2856963,1.923065,0.7294346,0.2582013,0.57172525,0.3821667,0.079044,1.0805325,0.8640761,0.1640616,2.4569325,0.34082372,0.0914094,0.7594975,0.3843367,0.1159887,2.5066675,0.8661222,0.0425097,2.6135225,0.36171865,0.380655,1.561685,0.69116,0.0973632,0.9215975,0.7437104,0.2110509,1.0542425,0.5521176,0.1620966,1.8436125,0.7458055,0.5821145,1.7586325,0.8397112,0.1183404,1.0601925,0.8677154,0.2771343,0.6361379,0.755853967392893,0.855705496217916,0.260602344105601,0.0734112047313634,0.274789445341511,0.526805166233371,0.274789445341511,0.111326271670902,0,14765.9001186231,0.000304914,36469502.4741323,1e-04,0,0.0680749416351318,143.885563373566,"5_106_3",5,106,3,1998,TRUE,TRUE,4,0.022545433073882,6,FALSE
"100",1.5776125,0.8087754,0.2474607,2.88281,0.9218541,0.0740247,1.9022275,0.7378871,0.1466125,2.776695,0.9981023,0.2945697,1.7339425,0.9075538,0.2843121,0.55827175,0.301529878,0.02927859,1.0149525,0.9406827,0.1836438,2.4856,0.34439666,0.0964098,1.0420225,0.3964684,0.1435239,2.825285,0.3735399,0.0859233,2.3323075,0.5321746,0.5347775,2.00251,0.7294493,0.0934398,0.9399075,0.7928063,0.2535744,1.0325025,0.5075458,0.1833267,1.85618,0.4947792,0.5869915,1.831575,0.8076813,0.0366882,1.470605,0.8632298,0.2638383,0.634697,0.75093693556779,0.85096173150514,0.307335949167247,0.0741467601404763,0.279269849597395,0.509885092644029,0.279269849597395,0.0722555438095989,0,6559.67504372575,7.98754e-05,36469502.4741323,1e-04,0,0.0601019859313965,144.439883232117,"5_106_11",5,106,11,2006,TRUE,TRUE,1,0.0114087977158429,5,FALSE
"101",1.7160475,0.7961243,0.2688858,2.9643575,0.9840701,0.0784755,1.775885,0.4380295,0.21076,2.665025,0.9601714,0.2925492,1.956345,0.35920047,0.216057,0.64946525,0.3791273,0.0984684,1.13297,0.8822705,0.164754,2.4832025,0.31202572,0.1022424,0.6067975,0.3893473,0.1191084,2.54961,0.6400222,0.0745545,2.5498,0.4955807,0.4737295,1.968765,0.6453849,0.1133661,0.8778875,0.8732531,0.0757833,0.9663075,0.4608901,0.1568418,1.65451,0.716486,0.597678,1.7960575,0.8477276,0.0892356,1.3472125,0.7352978,0.265161,0.627632,0.750973951712212,0.863479379333885,0.226581906781514,0.0741412500316745,0.267284811116033,0.538788297736237,0.267284811116033,0.166147912047895,0,9028.61767148369,0.000147581,36469502.4741323,1e-04,0,0.0596749782562256,144.578961372375,"5_106_13",5,106,13,2008,TRUE,TRUE,3,0.0381334386431167,2,FALSE
"102",1.50006,0.7717853,0.2468796,2.8412225,0.9545686,0.0728628,1.88718,0.8172923,0.1339759,2.8772475,0.9850109,0.2943666,1.9546075,0.9314469,0.292197,0.523753075,0.34970287,0.0662277,0.99316,0.9223301,0.1879251,2.46004,0.36362097,0.0590778,1.157425,0.4013705,0.1435812,2.0096675,0.4578024,0.1048443,2.626805,0.36236391,0.353736,1.800735,0.7238605,0.0931923,0.9580125,0.6882865,0.2656596,1.0877925,0.5388379,0.1495635,1.81811,0.6997714,0.553015,1.5828025,0.8657211,0.0773367,1.2758225,0.7842698,0.2692941,0.6367082,0.759708258188936,0.847538569470774,0.288408067845955,0.072829434584418,0.282458824995718,0.516804752061017,0.282458824995718,0.0750112987963345,0,20051.407081677,0.000449858,36469502.4741323,1e-04,0,0.0668308734893799,144.717766284943,"5_106_15",5,106,15,2010,TRUE,TRUE,3,0.0124101783455839,5,FALSE
"103",1.5820875,0.7948573,0.2516523,2.8725,0.9518799,0.0726033,1.907805,0.6703364,0.1589419,2.8234025,0.9745151,0.2661567,2.3018875,0.6115077,0.2947965,0.50343065,0.34402545,0.02860869,1.09768,0.8194623,0.1640943,2.4736825,0.3386113,0.08988,0.816255,0.3896539,0.1192272,2.358235,0.5854887,0.0846309,2.5023025,0.475308,0.494681,1.442865,0.606075,0.115626,1.03574,0.6597328,0.1992093,1.043095,0.4570226,0.159072,1.7142075,0.8175541,0.605146,1.865485,0.8993974,0.0628971,1.24247,0.7392332,0.277836,0.6292976,0.754888953197403,0.859406502064675,0.274681617840495,0.0735561446027409,0.271242520309453,0.521765467877607,0.271242520309453,0.118199238866412,0,7566.99325037533,0.000107499,36469502.4741323,1e-04,0,0.0679869651794434,144.926014184952,"5_106_18",5,106,18,2013,TRUE,TRUE,4,0.0243257734765352,6,FALSE
