"","index","day_date","revenue","fb_adv","fb_awareness","fb_consideration","fb_intent","fb_loyalty","ga_brand","ga_other","ga_nonbrand","ga_shoppmax","tiktok_cost","influencer_cost","other_cost","sale_status","mb_status","email_sms_campaign","organic_impressions","solidcolor_launch","print_launch","product_launch"
"1",558,2022-07-12,175945.19,8750.37,16964.23,9685,2564.15,250.51,4865.54,4810.94,1583.37,6696.45,2196.25,600,1355.01,1,0,1123982,39131,10,2,10
"2",559,2022-07-13,140238.77,8581.36,18219.43,9341.83,2497.27,247.29,4763.46,4835.08,1410.6,6538.22,2199.53,800,1277.55,0,0,136353,35558,9,1,9
"3",560,2022-07-14,145472.83,8923.77,18657.39,9362.07,2493.86,243.24,3753.18,4555.85,1631.58,6047.44,2134.17,12250,1351.72,0,0,837830,39412,8,0,8
"4",561,2022-07-15,380919.52,8922.94,19065,9407.89,2449.27,244.46,4103.39,4506.6,1398.39,6411.04,1950.56,16750,1381.68,0,1,1268479,34335,7,0,7
"5",562,2022-07-16,143217.08,8996.88,19486.44,9419.75,2119.12,241.09,3438,4157.03,1692.91,7073.35,1949.5,5100,1292.57,0,0,0,41667,6,0,6
"6",563,2022-07-17,170614.96,9471.34,20517.75,10189.67,1583.68,264.11,3672.76,4248.52,2189.89,7621.21,1947.6,0,1356.57,0,0,986295,37721,5,0,5
"7",564,2022-07-18,119756.8,7465.39,19067.81,7912.32,2388.52,251.52,3638.53,4366.48,2031.06,6917.71,2170.59,3150,1421.18,0,0,59,36563,4,0,4
"8",565,2022-07-19,118094.22,6773.87,18304.05,7395.76,2776.42,251.5,3302.87,4436.19,1995.65,6589.36,2198.61,0,1216.1,0,0,122470,39327,3,0,3
"9",566,2022-07-20,105192.68,6868.83,12750.28,5690.86,2708.13,247.19,3420.14,4486.78,1831.5,6828.08,2195.47,15000,1124.43,0,0,836259,30693,2,0,2
"10",567,2022-07-21,371030.72,6860.87,12432.11,5567.9,2715.68,246.49,4676.23,4308.72,1586.1,5509.14,2198.42,19057.783,1602.63,0,0,0,32567,1,28,1
"11",568,2022-07-22,217822.86,6672.46,12240.27,5544.4,2721.71,247.07,4257.81,4100.6,1355.82,5666.8,2199.24,18900,1263.55,0,0,690258,30787,0,27,0
"12",569,2022-07-23,150079.13,7067.83,12643.08,5574.99,2672.93,242.12,4083.79,4043.17,1331.98,6236.83,2198.16,0,1173.97,0,0,0,29563,0,26,0
"13",570,2022-07-24,184591.59,7339.61,13203.44,5987.04,2693,263.07,4468.66,4106.52,1980.64,6795.24,2199.28,7000,1295.62,0,0,983061,29986,0,25,0
"14",571,2022-07-25,158882.2,7187.57,12896.45,5796.19,2576.41,257.47,3924.94,4421.64,1599.69,6212.23,2195.24,7700,1237.07,0,0,238718,29455,0,24,0
"15",572,2022-07-26,154823.25,7585.82,13167.31,5721.78,2545.03,251.65,3993.75,4440.67,1589.76,5375.85,2196.89,10500,1249.67,0,0,1044651,27824,0,23,0
"16",573,2022-07-27,184337.21,8048.96,14867.33,5616.95,2514.72,247.73,4052.76,4375.64,1356.31,4900.81,2196.9,0,1190.59,0,0,897684,27305,0,22,0
"17",574,2022-07-28,126021.34,8028.72,14770.73,5590.65,2504.31,245.63,3507.92,4152.43,1178.98,5556.41,2195.03,7000,1135.15,0,0,132266,25786,0,21,0
"18",575,2022-07-29,156914.61,8020.73,14821.5,6217.53,2522.33,244.63,3056.88,4137.41,1046.08,5428.94,2194.55,10200,1237.55,0,0,1035599,26047,0,20,0
"19",576,2022-07-30,172933.74,8075.92,14925.16,6534.86,2494.2,239.82,3335.63,4142.45,1186.46,6911.74,2196.45,4114.887,1127.79,0,0,0,28351,0,19,0
"20",577,2022-07-31,156571,8466.05,15787.39,7083.93,2702.19,265.3,3290.69,3417.31,1444.34,9365.31,2197.38,0,1229.23,0,0,0,27355,0,18,0
"21",578,2022-08-01,157111.6,8275.21,17585.51,7181.38,2648.53,260.54,3477.9,2669.81,1275.44,7504.25,2195.57,47750,1399.68,0,0,218448,29410,0,17,0
"22",579,2022-08-02,148749.75,8091.95,19217.31,7491.76,2586.67,253.82,3283.2,2776.77,1325.29,8550.17,2197.22,8500,1188.09,0,0,908106,28628,0,16,0
"23",580,2022-08-03,140574.02,7875.33,18434.4,7319.06,2509.02,246.11,3208.9,2559.61,1355.25,8509.59,2190.23,0,1142.63,0,0,1011566,27936,0,15,0
"24",581,2022-08-04,126929.61,7782.08,18639.26,7242.55,2511.14,244.02,2855.59,2554.58,1182.86,6828.97,2198.07,0,1130.31,0,0,250,27286,0,14,0
"25",582,2022-08-05,146515.43,7781.22,18666.7,7221.7,2481.43,243.93,2786.06,2553.62,1090.4,5556.82,2197.02,0,1136.85,0,0,1052895,26985,0,13,0
"26",583,2022-08-06,123621.57,7727.25,18511.09,7094.44,2410.45,236.28,2815.77,2460.54,1458.04,7209.6,2197.59,0,1181.84,0,0,42728,27868,0,12,0
"27",584,2022-08-07,152911.66,8501.97,17311.82,7863.34,2716.84,266.52,3123.5,2608.44,1819.75,8601.8,2199.88,0,1153.49,0,0,1172414,31227,0,11,0
"28",585,2022-08-08,161961.3,8289.53,14112.97,7690.53,2628.12,261.63,2775.25,2853.07,1530.86,5421.2,2198.62,4750,1234.51,0,0,60,36066,28,10,0
"29",586,2022-08-09,188594.61,8059.59,17983.07,12459.1,2562.14,253.53,2756.66,2698.57,1423.3,5837.61,2195.19,9300,1216.47,0,0,1767575,35116,27,9,0
"30",587,2022-08-10,150651.39,7944.46,21278.01,17329.56,2552.86,248.59,2499.55,2551.15,1037.99,6357.06,2196.48,8500,1155.44,0,0,1097189,32463,26,8,0
"31",588,2022-08-11,104637.68,7866.3,19055.3,16494.48,2480.28,243.81,2832.72,2507.45,1102.65,6539.99,2194.95,6100,1056.98,0,0,0,33558,25,7,0
"32",589,2022-08-12,218120.02,4986.77,15865.94,13302.9,2478.99,242.21,2700.85,2750.71,1160.1,5608.68,2197.08,4000,1043.37,0,1,1005194,33361,24,6,0
"33",590,2022-08-13,117612.08,3873.15,14069.98,11815.58,2429.26,233.71,2519.23,2572.89,1177.01,5836.26,2200,1000,1049.22,0,0,0,35854,23,5,0
"34",591,2022-08-14,129003.54,3970.32,14349.56,11440.85,2685.12,264.5,2740.82,2082.55,1600.55,6385.67,2198.64,3500,1088.77,0,0,1160257,34086,22,4,0
"35",592,2022-08-15,96862.73,3115.74,13131.37,8818.4,2644.04,259.63,2556.91,1307.18,1320.3,6596.03,2195.85,6500,1008.31,0,0,60,33385,21,3,0
"36",593,2022-08-16,258962.48,3093.9,13003.65,8780.18,2625.51,257.67,4135.7,1399.6,1430.7,5769.86,2199.68,13000,1078.14,0,0,1771766,40863,20,2,28
"37",594,2022-08-17,124541.21,2275.1,11805.16,7876.76,2521.79,247.45,2459.9,1145.49,1279.19,5618.76,1688.96,3500,951.12,0,0,187,32540,19,1,27
"38",595,2022-08-18,140849.83,1006.78,9570.79,6172.83,2488.68,243.1,2608.63,1009.5,1071.74,6015.61,1682.45,29300,796.38,0,0,304729,32985,18,0,26
"39",596,2022-08-19,120844.68,1004.61,9537.91,6138.82,2450.83,241.07,2582.37,939.77,1182.01,5240.96,1688.6,8000,57.49,0,0,763037,32524,17,0,25
"40",597,2022-08-20,118490.82,1002.4,9542.56,6080.02,2434.03,236.58,2626.4,804.5,1182.32,5724.02,1684.85,6600,63.59,0,0,115883,33010,16,0,24
"41",598,2022-08-21,109812.71,1044.11,10173.79,6542.58,2664.73,268.89,2504.06,867.42,1515.12,6643.76,1689.17,2000,39.79,0,0,1048126,34700,15,0,23
"42",599,2022-08-22,157171.34,1028.22,9945.54,6434.72,2572.3,257.98,2246.87,1064.77,1284.33,4803.23,1658.35,2400,61.85,0,0,60,33271,14,0,50
"43",600,2022-08-23,156109.3,1009.36,10257.78,6298.22,2555.99,253.72,2640.68,1134.79,1294.8,6198.74,1441.37,2850,89.75,0,0,1318181,32367,13,0,48
"44",601,2022-08-24,115884.68,987.66,8723.15,5105.89,2555.03,247.22,2441.83,1081.38,1292.88,4870.72,1378.59,2000,29.29,0,0,47848,29635,12,0,46
"45",602,2022-08-25,110133.24,981.04,7887.51,4518.64,2550.38,248.4,2430.14,783.55,1142.02,4547.88,863.88,17400,78.83,0,0,917621,32884,11,0,44
"46",603,2022-08-26,105994.02,976.13,6826.03,3588.48,2497.77,239.38,2133.94,607.91,996.54,4460,863.75,4000,93.79,0,0,916598,31073,10,0,42
"47",604,2022-08-27,115381.67,973.48,6545.08,3345.22,2453.8,234.41,2360.36,513.54,1359.76,5492.04,864.59,0,32.06,0,0,105276,31559,9,0,40
"48",605,2022-08-28,88447.18,1050.89,7014.61,3651.25,2692.47,265.18,2324.87,553.12,1490.17,5308.72,862.96,0,45.1,0,0,1038616,33623,8,0,38
"49",606,2022-08-29,91743.06,1033.93,6886.81,3568.07,2595.05,258.96,2029.59,609.11,939.5,4668.38,864.55,0,55.9,0,0,420667,34470,7,0,36
"50",607,2022-08-30,70848.9,1005.02,6679.97,3481.62,2600.37,254.68,2002.08,602.65,880.02,4565.23,909.63,0,9.99,0,0,3338,31857,6,0,34
"51",608,2022-08-31,89524.82,992.87,6264.16,3431.19,2473.74,251.18,2191.52,633.03,819.34,4436.74,953.22,0,10.1,0,0,1091935,28917,5,0,32
"52",609,2022-09-01,93725.91,978.94,5805.14,3398.88,2271.03,246.34,2049.82,532.91,733.92,4093.72,954.91,45000,40.14,0,0,3549,30767,4,0,30
"53",610,2022-09-02,261121.45,971.58,7808.43,5131.63,2246.25,241.25,2307.57,549.17,775.54,3675.43,950.27,0,106.34,2,0,1761861,31365,3,0,28
"54",611,2022-09-03,186990.73,966.76,8598.53,5659.03,2172.6,232.41,1995.25,626.62,846.64,4536.33,952.26,0,76.66,2,0,826289,27459,2,0,26
"55",612,2022-09-04,174266.55,1052.87,9273.97,6940.9,2413.84,263.45,2061.77,790.25,967.35,5199.52,957.66,0,169.75,2,0,932846,32589,1,0,24
"56",613,2022-09-05,279833.78,1031.73,9082.12,8152.57,2384.55,259.41,2027.48,839.62,1168.32,6069.5,959.41,0,139.06,2,0,728690,32302,0,0,22
"57",614,2022-09-06,62287.33,1668.1,8368.36,4429.11,2383.94,251.65,1597.34,689.31,829.05,4456.96,936.4,11400,20.6,0,0,0,26761,0,0,20
"58",615,2022-09-07,75229.27,1967.83,9327.25,4801.72,2377.78,246.71,1407.75,614.56,826.05,4274.89,924.16,12000,3.22,0,0,929049,28557,0,0,18
"59",616,2022-09-08,87188.27,1961.73,9923.65,4763.62,2361.39,248.44,1619.19,559.62,709.26,3669.91,961.98,17500,10.04,0,0,0,27418,0,0,16
"60",617,2022-09-09,77778.9,1943.57,9773.96,4273.59,2273.59,93.51,1559.73,343.06,617.33,3051.38,950.8,9250,44.06,0,0,932384,24578,0,0,14
"61",618,2022-09-10,85833.77,2459.59,13629.16,3931.56,2365.67,0,1391.22,267.39,562.21,3432.07,959.65,3500,35.82,0,0,0,27140,0,0,12
"62",619,2022-09-11,83921.5,3135.72,16804.75,4242.36,2528.11,0,1307.15,320.36,671.13,3777.79,942.88,0,4.15,0,0,1011741,30506,0,0,10
"63",620,2022-09-12,70423.9,3104.11,16680.35,4212.19,2492.85,0,1346.7,357.82,498.82,2675.06,954.39,8800,19.35,0,0,59,29120,0,0,8
"64",621,2022-09-13,72537.19,3021.13,16206.27,4078.27,2461.65,0,1443.47,396.27,629.38,3546.92,953.46,19900,32.11,0,0,290318,28908,0,0,6
"65",622,2022-09-14,67744.05,1570.34,14242.1,3819.02,2353,0,1213.91,302.24,557.92,3578.3,962.72,1500,17.54,0,0,59,24186,0,0,5
"66",623,2022-09-15,307381.96,976.89,14528.1,3717.35,2295.96,0,1847.67,300.52,541.8,3721.86,959.14,16758.377,57.43,0,0,920168,25761,0,28,4
"67",624,2022-09-16,138215.38,943.25,17298.5,4037.96,1351.37,0,1394.95,355.57,414.29,3455.05,1278.28,17500,42.3,0,0,1506193,22228,0,27,3
"68",625,2022-09-17,93621.78,998.99,19594.62,5086.79,1367.42,0,1072.54,259.5,370.4,3999.78,959.44,1000,24.4,0,0,884175,21874,0,26,2
"69",626,2022-09-18,93751.64,1053.33,20278.4,5332.78,1428.2,0,1238.84,320.7,620.68,4392.69,980.37,0,20.62,0,0,0,20834,0,25,1
"70",627,2022-09-19,115255.11,1006.82,18210.84,4992.73,1403.25,0,1222.4,322.19,482.21,3467.65,407.6,2600,87.91,0,0,921602,21670,0,24,0
"71",628,2022-09-20,96869.49,1013.14,15295.43,3846.18,1366.7,0,1192.39,258.64,393.99,3031.9,2.22,900,17.09,0,0,833787,20965,0,23,0
"72",629,2022-09-21,103965.81,986.51,14878.23,3749.4,1362.6,0,1199.85,237.02,486.35,2872.88,868.62,4750,10.43,0,0,133,20627,0,22,28
"73",630,2022-09-22,112347.48,982.32,15630.42,3973.31,1323.71,0,1243.12,194.32,387.55,2387.8,991.95,4500,54.72,0,0,1234816,22106,0,21,27
"74",631,2022-09-23,183957.93,965.1,13366.2,3438.03,1291.26,0,1169.66,242.22,424.46,2581.42,987.72,6250,27.06,0,1,0,20913,0,20,26
"75",632,2022-09-24,75938.45,992.78,13189.62,3395.88,1319.46,0,1107.97,271.35,497.15,2704.49,994.18,0,13.89,0,0,988561,20764,0,19,25
"76",633,2022-09-25,66442.98,1373.67,13530.36,3554.92,1416.16,0,1112.74,260.21,502.12,3362.62,989.58,0,23.5,0,0,532853,19894,0,18,24
"77",634,2022-09-26,93661.62,2095.11,12909.64,3590.23,1394.72,0,1143.44,294.16,485.44,3634.59,559.16,0,52.7,0,0,59,22928,0,17,23
"78",635,2022-09-27,65550.84,2047.57,12951.52,3567.13,1380.17,0,1131.08,268.38,500.51,4012.91,25.42,2500,0,0,0,941609,27463,0,16,22
"79",636,2022-09-28,63295.65,2011.84,13776.94,3309.37,1249.81,0,1055.69,261.93,483.47,4039.79,1000,8000,18.39,0,0,46169,27099,0,15,21
"80",637,2022-09-29,69574.32,1992.03,14595.26,1661.57,311.18,0,1201.1,288.02,503.84,3644.02,990.89,12000,3.52,0,0,930019,26791,0,14,20
"81",638,2022-09-30,79954.64,1964.77,14381.72,1638.77,305.09,0,1029.18,265.97,511.41,3287.19,991.02,0,16.02,0,0,1045670,28925,0,13,19
"82",639,2022-10-01,69575.85,2342.75,15696.63,1550.95,343.62,0,1233.72,203.39,581.58,3591.71,986.66,0,4.07,0,0,0,29597,0,12,18
"83",640,2022-10-02,90533.31,2643.6,16780.31,1694.65,399.63,0,1362.07,258.8,571.95,4748.74,998.09,0,11.99,0,0,1106810,31408,0,11,17
"84",641,2022-10-03,70782.77,2472.78,16285.96,1643.81,395.99,0,1300.61,291,673.36,4266.54,984.41,500,99.05,0,0,13512,28823,0,10,16
"85",642,2022-10-04,81503.42,2545.2,16205.22,1624.12,379.73,0,1757.21,328.94,819.74,4412.51,980.33,0,95,0,0,1037549,27113,0,9,15
"86",643,2022-10-05,92454.26,2482.18,22717.7,1582.27,370.57,0,1795.52,396.93,830.26,3974.4,983.44,2324.449,5.47,0,0,992591,29628,0,8,14
"87",644,2022-10-06,97610.03,2452.82,23104.88,1561.33,361.38,0,1620.28,277.94,786.55,3444.49,988.36,0,30.47,0,0,17962,30090,0,35,13
"88",645,2022-10-07,121262.99,2436.88,23322.84,1825.6,359.01,0,1734.24,342.58,800.53,3312.99,997.02,6500,18.29,0,0,1361959,30349,0,33,12
"89",646,2022-10-08,84065.73,2466.54,24162.09,2016.17,358.67,0,1545.16,386.55,788.68,4075.18,993.12,0,1.37,0,0,0,29347,0,31,11
"90",647,2022-10-09,90926.83,2653.79,24224.27,2074.11,402.12,0,1753.6,408.69,915.17,4797.53,499.79,0,66.31,0,0,556234,29547,0,29,10
"91",648,2022-10-10,69892.57,2584.27,18848.4,1868.12,392.45,0,1772.36,399.69,773.4,4769.94,496.69,4000,15.54,0,0,0,27632,0,27,9
"92",649,2022-10-11,77132.47,2503.97,20858.86,1811.46,368.8,0,2033.48,359.98,601.46,4585.96,496.11,3100,3.97,0,0,1118213,29244,0,25,8
"93",650,2022-10-12,143867.74,2461.76,20103.21,1775.72,372.69,0,1998.14,382.63,588.28,3925.91,495.34,2500,5.47,0,0,59,26986,0,23,7
"94",651,2022-10-13,82366.41,2424.3,19997.12,1759.76,369.99,0,1735.02,414.63,570.15,3910.39,497.98,0,51.14,0,0,1119198,28177,0,21,6
"95",652,2022-10-14,212794.07,2382.86,20095.78,2158.05,358.25,0,1697.01,461.75,351.67,3939.68,496.31,0,17.7,0,0,375489,26614,0,20,5
"96",653,2022-10-15,94575.15,2489.05,20631.01,2218.46,360.7,0,1560.55,445.64,510.43,3582.34,499.85,0,14.84,0,0,929553,27419,0,19,4
"97",654,2022-10-16,97601.83,2660.73,21438.91,2445.04,399.13,0,1724.26,451.99,548.91,3986.52,497.72,0,63.98,0,0,1152543,27804,0,18,3
"98",655,2022-10-17,92440.78,2608.07,20629.11,2406.18,402.53,0,1833.01,488.95,479.63,3770.78,494.25,6000,23.63,0,0,59,27659,28,17,2
"99",656,2022-10-18,119502.4,2505.08,20302.59,2512.14,407.67,0,2019.92,542.27,491.58,4665.64,503.76,3500,46.16,0,0,1154897,27966,27,16,1
"100",657,2022-10-19,84966.74,2460.2,14199.78,2834.11,396.23,0,2071.96,486.63,562.9,4528.7,500.81,13300,73.22,0,0,0,29038,26,15,0
"101",658,2022-10-20,86562.96,2432.05,13959.95,2796.13,390.79,0,3474.77,473.42,485.97,4813.07,545.37,16000,18.49,0,0,951402,28140,25,14,0
"102",659,2022-10-21,103074.25,2419.53,14042.68,2779.64,387.64,0,2947.81,540.92,400.8,4110.04,548.06,10900,53.41,0,0,1145012,28308,24,13,0
"103",660,2022-10-22,70005.65,2414.34,14175.31,2764.77,377.78,0,2247.22,489.62,440.66,3849.69,1178.89,1000,22.93,0,0,0,28961,23,12,0
"104",661,2022-10-23,76343.8,2657.56,15122.38,3033.52,426.26,0,2466.94,519.54,519.84,4214.96,1293.26,0,16.07,0,0,1013142,27071,22,11,0
"105",662,2022-10-24,74166.47,2584.26,14692.17,2953.52,418.26,0,2108.73,606.76,418.08,3992.12,1161.06,0,0,0,0,99160,27943,21,10,0
"106",663,2022-10-25,108077.92,2504.64,14401.55,2865.86,403.55,0,2110.23,558.06,451.71,3585.96,1217.11,25000,10.22,0.5,0,1007185,27589,20,9,0
"107",664,2022-10-26,107937.24,1665.86,13381.01,2431.87,393.67,0,2232.96,557.1,464.66,3343.89,1203.58,0,22.96,0.5,0,1171282,29993,19,8,0
"108",665,2022-10-27,366670.12,504.93,12609.35,1937.3,392.82,0,3428.33,544.93,369.55,3212.95,1200.05,31404.715,80.51,0,0,0,33694,18,35,0
"109",666,2022-10-28,191731.09,499.59,12520.85,1910.29,389.78,0,2258.6,501.69,339.63,2978.11,1223.84,0,18.42,0.75,0,908924,30731,17,33,0
"110",667,2022-10-29,144520.97,500.54,12579.12,1901.29,375.66,0,1963.46,543.1,582.4,3457.33,1223.81,0,29.46,0.75,0,1185318,29838,16,31,0
"111",668,2022-10-30,159740.27,533.07,13554.05,2079.56,430.28,0,2331.37,770.11,857.1,4612.23,1203.17,2350.217,56.05,0.75,0,170223,30025,15,29,0
"112",669,2022-10-31,146771.81,518.81,13611.69,2030.78,420.42,0,1946.69,758.51,713.16,3996.72,1251.92,0,37.8,0.75,0,1187154,28863,14,27,0
"113",670,2022-11-01,86747.64,499.84,13162.53,1955.33,396.28,0,2162.09,750.91,796.49,4718.58,1232,300,19.57,0,0,1218774,32779,13,25,0
"114",671,2022-11-02,78631.75,480.61,12648.23,1892.46,391.69,0,2275.15,928.44,792.95,4265.66,1303.54,9000,30.13,0,0,1214598,33679,12,23,0
"115",672,2022-11-03,98486.49,491.13,12741.94,1908.12,392.08,0,2084.14,764.7,906.37,4316.43,1226.57,15000,42.62,0,0,228229,30173,11,21,0
"116",673,2022-11-04,129110.57,488.77,16631.84,2245.59,386.66,0,2319.96,740.78,980.45,3912.65,1168.53,7900,25.89,0,0,1193650,30285,10,20,0
"117",674,2022-11-05,107948.93,487.76,17549.19,2363.8,382.52,0,2274.99,826.87,1246.11,4427.28,522.84,1251.319,12.19,0,0,1141867,28942,9,19,0
"118",675,2022-11-06,133145.14,535.76,19369.66,2621.21,428.69,0,2307.99,845.58,1432.2,5229.34,509.5,3000,16.69,0,0,0,30180,8,18,0
"119",676,2022-11-07,815464.58,514.28,50446.28,12528.74,416.18,0,4353.2,1142.34,1748.8,5184.14,504.59,49547.34,406.65,2.5,0,6140897,40330,7,17,0
"120",677,2022-11-08,368344.33,467.78,27187.1,7360.15,399.5,0,3468.28,1266.1,1566.04,5609.32,507.86,6793.714,112.28,2.5,0,1257521,34104,6,16,0
"121",678,2022-11-09,104041.28,463.54,17257.09,2296.08,376.53,0,2491.76,1073.76,1050.61,5335.54,514.46,1600,145.9,0,0,130,31597,5,15,0
"122",679,2022-11-10,102784.93,3820.21,19578.37,2440.63,390.28,0,2706.8,932.55,1176.07,5205.92,516.91,9500,64.87,0,0,1503518,31076,4,14,0
"123",680,2022-11-11,106817.97,6053.36,20644.61,2421.23,389.71,0,2674.66,902.23,1634.82,4448.74,600,0,24.02,0,0,1463032,30680,3,13,0
"124",681,2022-11-12,83195.04,7957.46,20251.95,2481.96,399.11,0,2807.53,853.7,1777.64,5206.73,600,0,2.52,0,0,1385852,29712,2,12,0
"125",682,2022-11-13,105927.29,7914.74,21192.31,2593.94,425.1,0,3125.87,855.06,2054.14,4681.29,600,250,3.5,0,0,1640278,31670,1,11,0
"126",683,2022-11-14,75761.06,7769.31,21197.26,2531.85,413.47,0,3451.71,876.91,1577.99,3744.77,515.16,3100,76.38,0,0,59,30668,0,10,0
"127",684,2022-11-15,90363.58,7531.65,21081.96,2739.29,402.19,0,3149.22,888.22,1465.37,3831.9,570.74,1500,48.34,0,0,832534,29960,0,9,0
"128",685,2022-11-16,98370,7344.26,21095.41,2898.29,392.92,0,2563.11,879.44,1100.92,3642.86,548.71,500,36.62,0,0,0,29243,0,8,0
"129",686,2022-11-17,99044.1,7318.84,21488.36,3096.33,390.86,0,2778.68,752.97,1168.75,3596.68,813.48,2500,21.26,0,0,540769,29453,0,7,0
"130",687,2022-11-18,139334.86,7286.46,23474.57,4033.31,386.8,925.68,3209.14,658.36,1052.87,3906.18,1100,8700,1.31,0.25,0,1764064,31397,0,6,0
"131",688,2022-11-19,122387.59,7334.74,24980.47,4363.18,388.66,1473.08,3388.67,576.03,1361.55,4874.53,1100,0,68.25,0.25,0,0,31821,0,5,0
"132",689,2022-11-20,107475.18,7699.23,23302.12,3642.79,427.38,1564.43,3186.32,629.5,1413.75,5776.75,1570,0,133.41,0.25,0,506528,31367,0,4,0
"133",690,2022-11-21,91245.66,7756.74,22914.05,3553.96,412.76,1518.6,3954.06,985.63,1145.56,6020.21,3047.59,7000,37.81,0,0,191,32595,0,3,0
"134",691,2022-11-22,393086.04,10587.34,36013.4,8778.45,402,1510.16,7285.1,1483.94,1817.92,6811.05,3706.2,37253.001,195.33,2.5,0,3448075,36768,0,2,0
"135",692,2022-11-23,350854.25,11325.02,39018.89,9415.25,391.94,1459.24,7882.55,2025.77,1810.32,6016.27,4078.04,44950,179.57,2.5,0,1724642,35433,0,1,0
"136",693,2022-11-24,394594.23,12355.21,28960.56,7015.63,388.43,1476.51,8905.87,1282.09,1606.16,6712.91,4089.94,0,103.78,2.5,0,2989618,37099,0,0,0
"137",694,2022-11-25,970826.56,20475.76,53032.91,9143.06,3709.77,1471.61,12299.14,1931.1,6398.14,11620.89,5739.93,1250,368.16,2.5,0,2624003,50669,0,0,0
"138",695,2022-11-26,485312.42,24298.49,38463.55,6835.06,4238.51,1499.45,9152.82,2414.41,1730.39,3692.94,4029.94,0,183.22,2.5,0,4582786,41909,0,0,0
"139",696,2022-11-27,390771.5,15898.05,31386.41,7069.03,4573.33,1527.08,9711.26,1937.99,2063.86,7062.96,4028.44,2500,137.59,2.5,0,1442663,42274,0,0,0
"140",697,2022-11-28,717438.57,24442.75,38121.82,8701.88,4641.06,1554.23,13464.2,2242.69,2509.55,7196.03,3996.1,0,318.84,2.5,0,4151501,46714,0,0,0
"141",698,2022-11-29,296818.93,12258.46,24997.03,4755.99,4516.46,1502.36,6343.5,1361.05,1819.21,2636.37,2325.72,0,233.85,2.5,0,1069042,35560,0,0,0
"142",699,2022-11-30,116048.12,6731.69,17427.45,2371.94,4338.18,1416.27,4365.93,733.13,1563.7,7608.92,1492.34,0,81.08,0,0,0,36198,0,0,0
"143",700,2022-12-01,117829.21,4198.82,13574.1,2399.69,2522.38,669.59,4546.33,888.13,1891.94,5807.87,2072.35,0,78.15,0,0,3344,35463,0,0,0
"144",701,2022-12-02,221781.22,2689.94,10464.62,1782.67,1768.51,486.41,4775.38,435.08,778.01,1744.35,2092.64,5700,98.06,1,1,1786704,38078,0,0,0
"145",702,2022-12-03,149263.02,1907.73,9415.05,1457.28,1739.8,497.56,4384.3,436.91,704.08,1410.02,2095.64,0,191.47,1,0,1639833,37179,0,0,0
"146",703,2022-12-04,163079.89,2134.84,10254.47,1606.09,1938.07,532.6,4223.39,396.79,722.03,2132.25,2099.27,0,87.23,1,0,0,39058,0,0,0
"147",704,2022-12-05,153751.34,1978.74,9753.91,1534.07,1728.73,494.14,4793.62,568.52,787.5,2170.88,2091.3,76.27,120.42,1,0,1604811,37234,0,0,0
"148",705,2022-12-06,174089.36,2013.95,9649.58,1500.35,1562.44,504.12,3874.28,515.37,935.27,2738.72,2086.28,3500,80.12,1,0,71827,34451,0,0,0
"149",706,2022-12-07,175496.96,2737.08,9282.34,1457.84,1517.12,489,4057.72,555.23,975.25,2885.16,2085.91,2250,70.14,0,0,1716482,35774,0,0,0
"150",707,2022-12-08,231701.99,5092.77,10389.5,1452.67,1497.4,487.96,3862.36,500.86,1360.35,3763.64,2072.68,3484.849,115.06,0,0,1294092,35974,0,28,0
"151",708,2022-12-09,327854.86,6392.68,11273.97,1467.84,1523.18,493.62,5397.53,773.32,1725.55,5345.39,2091.57,17500,169.06,0,1,105261,36900,0,27,0
"152",709,2022-12-10,358969.14,6547.07,11566.43,2064.03,1509.92,498.56,5117.26,646.31,2014.05,6376.33,2078.83,22200,586.93,2,0,1407823,38293,0,26,0
"153",710,2022-12-11,308888.53,7046.6,12326.26,3749.9,1688.2,541.34,5383.6,903.73,2162.61,6364.46,2065.84,900,772.07,2,0,1253565,37517,0,25,0
"154",711,2022-12-12,331439.84,6728.21,11817.45,4450.65,1611.15,518.18,5715.59,1186.09,2043.75,5122.11,2630.07,8230.176,633.53,2,0,114859,40368,0,24,0
"155",712,2022-12-13,199029.76,6523.6,11453.44,1505.73,1563.23,498.12,5625.1,854.26,1699.98,4573.72,3604.86,0,482.38,0,0,1343615,40435,0,23,0
"156",713,2022-12-14,216164.28,6352.82,11306.66,1462.08,1518.67,483.51,5805.31,937.3,1877.81,4447.09,4000,5650,589.72,0,0,0,38552,28,22,0
"157",714,2022-12-15,214146.7,6321.91,11022.05,1452.54,1506.95,486.3,6569.29,854.72,1819.43,4389.38,4000,0,559.37,0,0,2786134,39077,27,21,0
"158",715,2022-12-16,275707.07,6290,10575.88,1452.91,1491.58,487.71,6336.82,861.55,1601.14,3674.84,4000,0,628.55,0,1,139022,40340,26,20,0
"159",716,2022-12-17,152124.64,6236.86,10533.46,1448.85,1470.22,484.84,5717.29,746.21,1675.53,4654.82,4000,291.06,325.72,0,0,1349881,41005,25,19,0
"160",717,2022-12-18,128674.29,5437.55,11136.31,1633.38,1692.44,544.27,4988.79,630.23,1272.07,3636.09,4000,0,213.32,0,0,1348603,39687,24,18,0
"161",718,2022-12-19,100689.33,3726.88,9350.12,1551.67,1609.23,504.8,4260.93,671.05,1172.47,3522.46,4000,2100,267.72,0,0,0,44004,23,17,0
"162",719,2022-12-20,68568.31,3071.51,8400.75,1506.71,1560.66,502.05,3640.25,575.83,683.05,1935.63,3000,0,115.22,0,0,1246654,40421,22,16,0
"163",720,2022-12-21,52964.51,1003.53,6609.6,1463.59,1040.23,291.54,3208.08,387.1,475.79,999.88,2500,1000,188.47,0,0,64471,41800,21,15,0
"164",721,2022-12-22,48389.56,977.22,6542.54,1455.01,1023.95,290.91,2472.42,305.89,422.31,1429.72,2000,0,161.02,0,0,1237959,40924,20,14,0
"165",722,2022-12-23,133457.7,968.34,6516.5,1446.71,1009.73,291.43,2063.82,237.44,346.48,1239.06,1500,0,376.87,0,1,1433171,35779,19,13,0
"166",723,2022-12-24,49175.73,963.75,6539.87,1442.93,1002.84,293.19,1581.07,203.94,291.45,1237.45,1500,0,94.36,0,0,0,33677,18,12,0
"167",724,2022-12-25,66299.23,1079.14,7256.4,1614.15,1138.58,299.79,2697.18,254.99,390.3,1517.05,1500,0,66.15,0,0,0,42444,17,11,0
"168",725,2022-12-26,183325.68,1027.65,7720.92,1890.8,1084.01,0,2238.11,391.13,365.28,1923.26,1500,0,238.49,2,0,1715765,40948,16,10,0
"169",726,2022-12-27,132902.36,998,10408.55,2773.41,1051.79,0,1916.88,721.16,313.65,2770.01,1893.3,700,193.66,2,0,3321,37647,15,9,0
"170",727,2022-12-28,95556.58,975.59,10999.02,2951.08,1027.41,0,1874.66,912.4,257.89,3069.54,2000,500,264.12,2,0,1550117,33771,14,8,0
"171",728,2022-12-29,128328.83,970.28,10948.61,2947.44,1021.52,0,1717.79,1019.27,332.2,3389.88,3462.18,2000,237.19,2,0,230059,33058,13,7,0
"172",729,2022-12-30,103946.14,978.88,10991.85,2953.63,1024.53,0,1605.78,674.14,310.31,3326.75,3965.33,600,327.37,2,0,1570820,32122,12,6,0
"173",730,2022-12-31,153205,970.46,11006.03,2936.65,1002.16,0,1697.44,827.47,370.42,3611.31,3971.01,337.545,338.76,2,0,1856829,35139,11,5,0
"174",731,2023-01-01,119117.8,1067.82,11964.38,3189.47,1125.02,0,1514.26,1138.99,426.2,3656.71,3981.42,0,289.71,2,0,0,31003,10,4,0
"175",732,2023-01-02,98242.33,506.97,10896.3,2209.3,1078.72,0,1827.65,1084.04,495.69,3671.12,3925.29,0,83,2,0,3298,33239,9,3,0
"176",733,2023-01-03,92472.08,494.17,10641.9,2128.93,1044.86,0,2014.82,1016.25,425.15,3876.36,3954.63,400,124.29,2,0,1590560,36125,8,2,0
"177",734,2023-01-04,83124.38,482.88,9973.85,1642.78,1026.64,0,1702.35,896.22,474.44,3335.56,4856.21,5250,117.28,2,0,1692902,35274,7,1,0
"178",735,2023-01-05,115825.58,482.56,9948.99,1480.57,1022.01,0,1591.1,776.61,493.35,3149.47,4928.49,3700,226.12,2,0,1169888,33820,6,0,0
"179",736,2023-01-06,92243.69,489.47,10225.54,1475.73,1034.31,0,1472.69,709.11,470.94,3089.69,4959.36,0,253.43,2,0,1555204,32004,5,0,0
"180",737,2023-01-07,98986.06,486.3,10204.31,1472.31,1018.44,0,1550.18,577.7,631.06,3314.04,5000,0,196.8,2,0,1571081,34209,4,0,0
"181",738,2023-01-08,161190.03,535.19,11469.3,1661.34,1127.64,0,1752.03,581.11,818.71,3763.03,3474.73,0,398.01,2,0,124670,34591,3,0,0
"182",739,2023-01-09,43613.45,613.55,5990.94,922.15,1079.21,0,1478.14,443.74,506.94,3089.39,2966.59,2550,402.06,0,0,1549791,32643,2,0,0
"183",740,2023-01-10,54113.43,505.74,5860.22,903.74,1056.59,0,1400.68,424.39,502.59,2926.85,2968.51,0,152.74,0,0,1753300,32085,1,0,0
"184",741,2023-01-11,78415.85,490.58,6361.17,876.39,1026.81,0,1552.91,406.21,523.17,2778.69,2966.96,3000,169.57,0,0,0,31262,0,0,0
"185",742,2023-01-12,101525.47,483.65,6799.4,867.91,1014.36,0,1912.23,415.72,526.08,2672.38,2454.46,250,106.4,0,0,251565,30865,0,0,0
"186",743,2023-01-13,88372.62,491.92,6947.28,881.33,1022.6,0,1487.65,373.79,574.64,2582.32,1987.31,1900,133.05,0,0,74305,29565,0,0,0
"187",744,2023-01-14,63355.18,494.26,7021.69,883.59,1022.79,0,1479.38,303.58,632.96,2851.11,1979.42,0,406.32,0,0,1456119,30243,0,0,0
"188",745,2023-01-15,69725.71,545.81,7652.55,980.82,1144.94,0,1499.9,331.26,803.75,2734.35,1975.78,0,93.01,0,0,1385821,31031,0,0,0
"189",746,2023-01-16,50158.5,518.04,7262.96,930.1,1086.16,0,1549.46,323.06,579.6,2676.37,1977.97,0,82.31,0,0,0,30213,0,0,0
"190",747,2023-01-17,53375.71,502.94,7076.08,903.03,1063.08,0,1311.02,380.28,545.57,2735.46,1978.61,2500,115.18,0,0,91256,28331,0,0,0
"191",748,2023-01-18,113612.81,484.4,6881.29,874.79,1025.91,0,1508.54,312.45,591.68,2547.87,1983.36,0,142.25,0,0,1536304,30988,0,28,0
"192",749,2023-01-19,236157.99,483.37,9224.91,1663.66,1014.07,0,1920.22,334.62,559.76,2660.3,1979.13,5950,186.4,0,0,1848694,32119,0,27,0
"193",750,2023-01-20,160564.21,481.45,10139.12,1830.66,1013.61,0,1285.19,469.95,463.15,2848.34,1990.37,18000,324.13,0,0,1001686,29216,0,26,0
"194",751,2023-01-21,144622.84,483.99,10341.77,1831.68,1002.23,0,1460.49,462.96,521.37,3209.55,1990.36,7700,155.21,0,0,0,32406,0,25,0
"195",752,2023-01-22,164411.73,541.36,11267.58,2057.34,1140.66,0,1445.96,479.47,586.95,3062.4,1983.57,0,250.3,0,0,1456139,32742,0,24,0
"196",753,2023-01-23,87216.01,403.93,10299.55,1740.37,1082.65,0,1462.44,532.14,574.88,2864.18,1973.85,6750,108.62,0,0,60,29902,0,23,0
"197",754,2023-01-24,105722.31,204.71,9020.31,1419.07,1058.73,0,1590.17,504.46,535.36,3317.08,1983.09,2500,137.43,0,0,725376,30968,0,22,0
"198",755,2023-01-25,82388.99,198.12,8515.96,1369.82,1021.2,0,1435.66,416.4,550.53,2954.4,1984.06,2600,235.54,0,0,696,29044,0,21,0
"199",756,2023-01-26,86486.5,198.54,8771.96,1368.65,1019.04,0,1488.49,411.32,567.63,3125.79,1984.67,7000,156.52,0,0,1061748,26009,0,20,0
"200",757,2023-01-27,154977.46,198.45,8779.77,1372.35,1018.32,0,1600.58,414.21,535.46,3152.03,1985.6,4500,240.54,0,1,32,26625,0,19,0
"201",758,2023-01-28,95840.54,198.11,8849.36,1373.11,1009.4,0,1315.97,330.65,560.67,3350.45,1990.04,0,116.17,0,0,1571785,28606,0,18,0
"202",759,2023-01-29,96821.38,214.68,9553.44,1500.74,1129.84,0,1513.49,332.01,702.49,3530.03,2000,0,146.61,0,0,1599690,26406,0,17,0
"203",760,2023-01-30,71192.27,205.06,9096.03,1428.97,1071.19,0,1315.77,352.91,500.8,3233.1,2000,300,129.03,0,0,1780,25941,0,16,0
"204",761,2023-01-31,73173.06,198.42,8888.82,1395.83,1050.77,0,1568.38,367.71,471.29,3065.11,1991.21,0,156.03,0,0,433244,26212,0,15,0
"205",762,2023-02-01,100304.6,194.45,8676.2,1360.21,1021.97,0,1614.73,304.4,540.95,3350.83,1980.44,5300,180.21,0,0,108264,27951,0,14,0
"206",763,2023-02-02,93230.88,199.54,8978.76,1381.4,1033.26,0,1741.19,272.3,488.26,3238.93,2731.32,0,159.04,0,0,464000,28696,0,13,0
"207",764,2023-02-03,84115.79,193.87,8653.38,1367.29,1023.83,0,1369.8,264.03,441.32,3157.56,2978.41,3000,114.73,0,0,995412,26231,0,12,0
"208",765,2023-02-04,90973.28,193.96,8801.9,1365.52,1019,0,1985.91,275.09,581.42,3424.21,2961.84,0,133.34,0,0,0,27109,0,11,0
"209",766,2023-02-05,83404.12,214.27,9552.98,1499.83,1124.95,0,2844.38,294.22,738.58,3301.05,2962.99,1400,233.99,0,0,33631,26910,0,10,0
"210",767,2023-02-06,67149.91,203.84,9386.89,1424.78,1067.2,0,2439.45,293.73,535.29,3034.5,2976.57,600,76.75,0,0,0,26977,0,9,0
"211",768,2023-02-07,65305.64,200.22,9399.65,1398.27,1050.58,0,2319.18,332,572.06,2935.91,2784.69,0,210.18,0,0,636377,26574,0,8,0
"212",769,2023-02-08,75324.61,479.4,8594.69,1363.16,1032.78,0,1832.66,329.46,579.79,2930.86,2971.5,0,72.45,0,0,57,27827,28,7,0
"213",770,2023-02-09,118113.19,689.08,8730.49,1360.36,1016.2,0,2016.73,395.37,593.68,2718.61,2955.93,14100,131.07,0,0,1719310,25747,27,6,0
"214",771,2023-02-10,98105.44,697.03,8847.89,1375.96,1030.24,0,2167.23,411.17,624.34,2543.51,2969.01,13700,212.11,0,0,390746,26200,26,5,0
"215",772,2023-02-11,86537.92,701.09,8980.83,1377.64,1027.99,0,2497.62,347.56,583.09,3056.14,2969.22,0,132.75,0,0,1447037,26972,25,4,0
"216",773,2023-02-12,72045.07,753.66,9597.73,1506.1,1132.17,0,2202.86,303.39,660.44,2964.76,2958.93,0,220.11,0,0,1457953,27071,24,3,0
"217",774,2023-02-13,73113.8,1478.73,8756.77,1253.37,1073.85,0,1782.44,334.34,452.87,2899.4,3410.03,1500,131.52,0,0,167533,26263,23,2,0
"218",775,2023-02-14,56909.98,2047.85,8546.51,1099.46,1053.21,0,2077.01,280.52,384.55,2886.06,3944.06,0,91.54,0,0,44002,26310,22,1,0
"219",776,2023-02-15,70646.38,1990.36,8354.81,1074.49,1022.23,0,1927.76,250.98,417.8,2864.73,3966.4,4000,157.9,0,0,1473438,25199,21,0,0
"220",777,2023-02-16,81139.99,1991.63,8337.33,1071.64,1020.86,0,1329.28,254.16,452.48,2166.2,4802,5100,107.81,0,0,615315,24081,20,0,0
"221",778,2023-02-17,100794.78,2004.14,8416,1078.12,1028.99,0,1469.47,255.38,418.14,2194.27,4907.71,5000,279.38,0,0,804950,25758,19,0,0
"222",779,2023-02-18,106916.09,2015.18,8534.32,1077.25,1018.69,469.52,1290.09,302.17,486.96,2328.25,4837.26,0,224.23,0,0,610430,26960,18,0,0
"223",780,2023-02-19,86689.01,2154.68,9136.2,1185.25,1116.63,522.07,1411.68,229.7,571.91,2758.95,1816.75,5000,178.93,0,0,90332,26865,17,0,0
"224",781,2023-02-20,84324.32,2044.09,8715.14,1125.66,1082.91,508.34,1216.91,275.22,492.94,2454.76,0,0,199.8,0,0,673416,25922,16,0,0
"225",782,2023-02-21,82880.71,1983.23,8423.17,1091.02,1030.53,500.72,1135.34,221.45,412.57,2065.12,4417.47,0,53.85,0,0,49650,26531,15,0,0
"226",783,2023-02-22,70450.47,1946.98,8589.61,1072.69,1033.27,488.78,1129.72,278.62,412.05,2044.34,4936.66,3500,84.18,0,0,57,27633,14,0,0
"227",784,2023-02-23,81132.69,1947.99,8784.04,1068.61,1013.58,490.08,1092.45,225.66,345.22,1890.35,4944.74,3050,151.44,0,0,827042,25883,13,0,0
"228",785,2023-02-24,132750.05,1963.63,8894.61,1078.2,1037.55,495.68,1295.76,204.19,390.66,1962.31,4947.31,5500,113.68,0,1,803226,26979,12,0,0
"229",786,2023-02-25,81628.4,1959.4,9040.46,1078.57,1035.53,494.33,1181.94,214.81,384.89,2266.48,4948.24,2500,94.87,0,0,296411,29011,11,0,0
"230",787,2023-02-26,77116.16,2150.88,9676.97,1184.02,1127.75,517.7,1166.84,250.77,402.58,2757.95,4938.87,0,109.91,0,0,148815,30010,10,0,0
"231",788,2023-02-27,79279.88,2049.85,9126.49,1139.1,1074.86,513.28,1330.54,241.21,364.08,2402.24,4940.9,13100,83.21,0,0,696710,29876,9,0,0
"232",789,2023-02-28,67492.47,1995.63,9045.51,1098.84,1055.41,500.7,1288.28,263.49,344.14,2602.35,4421.23,2249.32,176.95,0,0,801347,28891,8,0,0
"233",790,2023-03-01,65515.36,1956.55,8880.34,1074.54,1036.73,490.41,1163.24,221.63,357.32,2403.15,4977.53,0,149.81,0,0,82704,28578,7,0,0
"234",791,2023-03-02,71520.6,1942.43,8795.4,1066.1,1018.43,491.92,1242.53,207.96,300.11,2242.98,4972.41,750,251.93,0,0,796255,31193,6,0,0
"235",792,2023-03-03,75833.91,1945.62,8846.69,1069.52,1019.27,493.49,1358.34,260.85,313.47,2170.88,4693.85,0,177.5,0,0,65841,31953,5,0,0
"236",793,2023-03-04,73877.29,1959.04,8978.58,1067.88,1017.55,492.5,1504.95,221.54,405.71,2431.69,4932.98,1800,150.57,0,0,724086,29626,4,0,0
"237",794,2023-03-05,85011.16,2142.99,9673.16,1181.97,1129.44,522.45,1488.83,260.71,489.04,3033.63,4962.83,0,74.6,0,0,422036,31935,3,0,0
"238",795,2023-03-06,62715.98,2047.84,9255.3,1129.73,1076.69,506.93,1427.02,409.82,272.87,2491.82,3913.7,0,47.96,0,0,0,32326,2,0,0
"239",796,2023-03-07,75868.99,1995.15,8868.67,1101.81,1053.17,499.42,1874.69,329.57,354.95,3159.93,4430.51,1400,130.98,0,0,1234708,33464,1,0,0
"240",797,2023-03-08,82890.77,1965.28,8184.75,1080.34,1034.83,253.51,2093.76,437.9,413.71,3320.86,4970.42,2700,142.33,0,0,13309,39660,0,0,0
"241",798,2023-03-09,84161.41,1945.63,7590.04,1066.89,1019.75,0,2195.86,367.86,487.67,3343.87,4948.16,400,254.51,0,0,370567,42438,0,0,0
"242",799,2023-03-10,178966.48,1946.49,7630.37,1068.36,1019.63,0,2466.5,459.47,473.74,3363.65,4996.31,0,255.93,0,0,911043,43294,0,28,0
"243",800,2023-03-11,106993.75,1956.62,7711.02,1070.9,1016.49,0,2470.13,331.05,490.19,3506.69,4989.21,0,203.97,0,0,325316,43917,0,27,0
"244",801,2023-03-12,102907.8,2150.79,8332.81,1181.21,1121.43,0,2459.9,334.43,551.85,3451.07,4967.39,0,40.9,0,0,138621,44080,0,26,0
"245",802,2023-03-13,162891.1,1637.47,6935.15,1129.89,1074.4,0,2314.16,357.62,358.64,3334.96,4961.15,6000,384.87,0,0,1059940,43093,0,25,0
"246",803,2023-03-14,95619.29,1220.04,8275.11,1097.04,1043.92,0,2144.12,396.25,333.14,3080.86,4564.64,1500,236.63,0,0,141886,41285,0,24,0
"247",804,2023-03-15,105422.97,2036.27,7725.72,1077.11,1031.58,0,1932.1,323.42,340.02,3117.32,4962.03,12500,117.3,0,0,658356,40605,0,23,0
"248",805,2023-03-16,162292.2,2479.87,7870.24,1071.82,1027.34,0,2061.98,372.44,323.69,3249,4967.4,21300,194.12,0,0,578175,42177,0,22,0
"249",806,2023-03-17,153458.6,3368.13,6995.37,1068.39,1027.99,0,1985.22,401.33,292.73,2798.91,3973.18,8400,283.37,0,0,176327,42507,0,21,0
"250",807,2023-03-18,99999.31,3376.93,7062.63,1074.54,1023.34,0,1466.64,319.87,408.07,3748.34,3961.09,600,96.74,0,0,401237,42162,0,20,0
"251",808,2023-03-19,118763.2,3542.87,7490.11,1177.61,1125.64,0,1749.08,345.61,528.08,3893.96,3984.29,20400,158.74,0,0,0,45807,0,19,0
"252",809,2023-03-20,99000.83,3361.4,7132.33,1123.83,1060.89,0,2056.93,370.67,414.3,3583.96,3969.84,7000,145.18,0,0,304585,42170,0,18,0
"253",810,2023-03-21,111309.43,3294.54,6980.54,1096.82,1052.21,0,2181.38,338.01,378.48,3906.53,3801.72,7150,185.93,0,0,0,40379,0,17,0
"254",811,2023-03-22,119270.32,3213.73,6830.61,1069.32,1023.18,0,1886.37,377.27,357.27,3423.5,3968.36,4800,189.01,0.75,0,439211,39500,0,16,0
"255",812,2023-03-23,89731.83,3209.37,6819.61,1070.93,1025.71,0,1782.93,276.31,320.27,3379.54,3856.14,5200,91.04,0.75,0,219450,39902,0,15,0
"256",813,2023-03-24,148249.28,3227.95,6690.53,1077.69,1032.85,0,1611.17,243.28,294.53,3153.82,2945.99,0,288.86,0.75,1,45270,37247,0,14,0
"257",814,2023-03-25,86907.52,3250.14,6456.15,1083.8,1029.48,0,1425.44,202.02,387.2,3169.68,2992.79,0,108.7,0.75,0,0,35215,0,13,0
"258",815,2023-03-26,100081.44,3512.13,6935.09,1172.86,1122.15,0,1542.15,200.83,480.68,2955.05,2982.84,0,159.21,0.75,0,433353,33444,0,12,0
"259",816,2023-03-27,72069.14,3358.8,6648.57,1123.63,1071.14,0,1430.99,224.58,336.39,2715.62,2961.44,0,302.28,0,0,65,31888,0,11,0
"260",817,2023-03-28,58212.17,2783.71,6083.87,1096.99,1047.72,0,1320.56,279.98,339.94,2700.46,2599.6,0,139.85,0,0,7016,30082,0,10,0
"261",818,2023-03-29,61099.46,991.13,4490.6,1073.91,1024.97,0,1362.92,220.36,318.63,2583.93,1728.2,2500,153.75,0,0,506408,31079,0,9,0
"262",819,2023-03-30,77810.02,989.77,4477.64,1072.39,1024.31,0,1592.24,209.1,307.09,2940.65,1736.43,0,169.82,0,0,911441,30785,0,8,0
"263",820,2023-03-31,77640.14,993.07,4507.01,1076.77,1030.29,0,1581.12,229.33,321.22,2578.03,1740.97,0,148.34,0,0,932414,30077,0,7,0
"264",821,2023-04-01,75054.24,1004.27,4556.73,1083.18,1029.23,0,1809.46,252.92,478.85,2995.98,1736.03,0,200.14,0,0,0,31335,0,6,0
"265",822,2023-04-02,64926.71,1063.45,4863.18,1169.44,1113.29,0,1719.93,213.62,534.53,3096.76,1723.32,0,166.03,0,0,188692,32691,0,5,0
"266",823,2023-04-03,68174.42,1020.87,4881.9,1124.91,1067.34,0,1688.68,198.35,352.15,2832.78,1737.29,15500,235.56,0,0,929346,33440,0,4,0
"267",824,2023-04-04,125523.08,1649.51,5985.31,1096.16,1054.61,0,1872.11,215.05,354.52,3123.23,1739.74,3000,207.52,0,0,22017,33257,0,3,0
"268",825,2023-04-05,103642.18,2735.72,6413.46,1092.28,1049.74,0,1805.16,232.78,290.18,3286.79,2913.78,3450,107.24,0,0,29864,31945,0,2,28
"269",826,2023-04-06,90633.8,2945.53,8871.04,1088.55,1040.56,0,2330.33,249.82,313.43,2847.8,3492.31,1750,164.08,0,0,1401107,34131,0,1,27
"270",827,2023-04-07,85517.51,2925.69,9855.43,1079.32,1028.21,0,1948.71,222.44,364.7,2937.71,3621.81,1300,218.4,0,0,1185670,35274,0,0,26
"271",828,2023-04-08,81833.71,2861.97,9690.57,1049.34,996.25,0,1693.39,200.63,448.99,3534.27,3619.53,3250,225.02,0,0,1046628,35512,0,0,25
"272",829,2023-04-09,72926.52,3193.83,10681.81,1170.62,1125.71,0,1708.59,147.14,430.02,2720.11,3626.15,3250,261.65,0,0,0,33930,0,0,24
"273",830,2023-04-10,75866.55,3059.52,10371.96,1231.14,1075.28,0,2040.54,182.65,330.21,2472.35,4355.19,0,636.09,0,0,1046097,34806,0,0,23
"274",831,2023-04-11,79292.55,2982.79,10644.2,1401.72,1052.83,0,1969.45,214.77,311.91,2464.86,4596.12,3625,1004.03,0,0,106809,33976,0,0,22
"275",832,2023-04-12,107145.73,2852.58,10390.49,1369.32,1031.97,0,1656.72,225.11,282.97,2922.15,5134.05,4875,1106.21,0,0,1028937,35498,0,0,21
"276",833,2023-04-13,85818.03,2954.92,10317.87,1373.76,1029.09,344.92,2161.47,223.28,325.13,3038.93,5559.11,1250,202.57,0,0,996323,38501,0,0,20
"277",834,2023-04-14,188594.5,2961.26,9719.94,1373.61,1015.42,493.82,2014.58,263.96,414.71,3323.93,5567.33,0,588.87,0,1,99608,44450,0,0,19
"278",835,2023-04-15,102414.29,2995.1,7518.32,1388.99,1019.7,501.32,1967.3,244.9,506.98,3118.39,5621.8,2125,247.24,0,0,774103,44617,0,0,18
"279",836,2023-04-16,98868.9,3193.63,8052.02,1493.6,1130.68,519.12,1842.57,162.8,588.01,3164.41,5571.76,4375,354.66,0,0,852105,44785,0,0,17
"280",837,2023-04-17,89267.05,2925.46,7481.12,1427.25,1073.65,503.43,1825.93,219.07,478.9,3089.4,5615.89,4575,380.86,0,0,101126,42070,0,0,16
"281",838,2023-04-18,131375.15,2533.64,7214.71,1396.74,1054.95,498.1,2444.34,215.72,554.55,3224.17,5582.81,3191.666667,744.51,0,0,1270994,44097,0,0,15
"282",839,2023-04-19,98582.63,2485.69,7407.64,1370.56,1027.67,490.6,2021.62,217.94,571.05,3452.69,5598.38,1066.666667,234.77,0,0,114915,42307,0,0,14
"283",840,2023-04-20,98927.01,2477.95,7547.65,1363.19,1014.86,493.37,2040.57,197.69,494.02,3466.91,5574.62,1066.666667,286.82,0,0,703676,40921,0,0,13
"284",841,2023-04-21,121569.76,2498.34,7789.36,1191.16,1031.44,494.77,2473.72,163.9,565.08,3749.25,5572.88,2750,277.23,0,0,1058125,43363,0,0,12
"285",842,2023-04-22,125992.57,2508.03,8146.6,1080.41,1016.74,500.61,5283.5,190.41,791.01,4196.24,5596.84,2000,621.53,0,0,0,50408,0,0,11
"286",843,2023-04-23,124360.47,2760.76,8676.72,1194.61,1116.29,533.41,2699.24,201.22,776.13,3634.67,5626.56,600,690.05,0,0,861272,47275,0,0,10
"287",844,2023-04-24,116735.79,2551.61,8315.65,1129.82,1087.71,494.17,2871.57,236.35,635.54,3483.5,5567.14,2600,667.49,0,0,628158,44952,0,0,9
"288",845,2023-04-25,105877.35,2481.41,8169.92,1095.47,1049.05,498.72,2898.78,293,677.27,3961.35,5553.98,5150,402.08,0,0,424510,45482,0,0,8
"289",846,2023-04-26,124454.34,2430.86,6780,1075.19,1035.09,491.79,2894.91,356.93,572.47,3868.01,5573.58,3150,352.45,0,0,1228539,44432,0,0,7
"290",847,2023-04-27,91254.82,2520.46,6174.39,1061.56,1022.32,492.59,2947.66,349.69,579.14,3563.56,5485.87,150,248.43,0,0,0,38622,0,0,6
"291",848,2023-04-28,111788.53,2915.66,6628.7,1062.23,1010.67,481.59,2970,289.85,503.24,3728.11,5545.65,2075,598.65,0,0,696004,39018,0,0,5
"292",849,2023-04-29,116224.21,2985.42,6762.57,1081.12,1028.87,507.73,3969.95,252.42,646.92,3656.98,5568.12,1925,451.95,0,0,635543,39786,0,0,4
"293",850,2023-04-30,136728.33,3183.94,7179.37,1167.82,1118.92,516.77,4568.44,276.7,768.61,3287.44,5524.98,0,1188.92,0,0,0,42736,0,0,3
"294",851,2023-05-01,111557.55,3052.92,6883.2,1125.2,1071.84,500.9,3162.27,241.05,669.72,3700.31,5517.69,2500,232.99,0,0,124485,37875,0,0,2
"295",852,2023-05-02,119211,2964.55,6987.32,960.34,1045.02,490.53,3057.43,259.22,711.21,4091.23,5439.35,2500,393.48,0,0,314339,36890,0,0,1
"296",853,2023-05-03,119027.56,8095.49,8913,844.25,1187.19,587.19,3177.5,312.51,691.49,4460.9,5544.97,2950,523.77,0,0,80312,36240,0,0,0
"297",854,2023-05-04,143635.91,8343.18,9030.67,876.91,1265.79,673.72,3195.35,272.56,645.72,4365.5,5498.1,450,510.62,0,0,1028749,37648,0,0,0
"298",855,2023-05-05,125205.81,8452.01,9130.16,886.45,1280.75,706.63,3852.21,260.8,643.52,4146.63,5544.86,0,292.25,0,0,94484,40399,0,0,0
"299",856,2023-05-06,129972.03,8464.18,9162.72,882.48,1272.33,714.5,3341.8,197.81,739.98,4223.63,5561.08,0,1477.04,0,0,491551,40532,0,0,0
"300",857,2023-05-07,153402.58,8462.62,9410.26,953.62,1388.8,719.99,3375.04,246.15,857.87,4328.01,5594.22,750,1524.76,0,0,106416,38841,0,0,0
"301",858,2023-05-08,233116.51,8374.66,9132.71,919.37,1336.18,868.88,3529.51,294.97,825.27,4200.34,5565.58,2900,803.74,0,0,10572,37391,0,28,0
"302",859,2023-05-09,277636.06,9080.45,8848.32,895.82,1296.3,1206.62,6466.6,403.99,964.93,5134.13,5544.26,2150,595.75,0,0,1481701,53359,0,27,0
"303",860,2023-05-10,167928.3,9311.63,8686.97,882.04,1264.82,1180.57,4457.06,353.54,878.64,4500.54,5591.96,650,777.75,0,0,172581,44201,0,26,0
"304",861,2023-05-11,162849.16,9229.6,8628.37,872.85,1259.52,1198.33,4630.32,358.41,862.06,4342.34,5622.07,650,435.42,0,0,1281800,42397,0,25,0
"305",862,2023-05-12,220365.57,9281.48,8747.54,884.32,1274.45,1222.53,4292.69,334.3,921.99,3884.3,5635.99,800,591.11,0,1,40430,39326,0,24,0
"306",863,2023-05-13,139095.98,9519.43,8801.12,891.98,1279.93,1239.53,4381.22,282.93,886.4,4851.76,5619.31,2550,267.25,0,0,1094063,42309,0,23,0
"307",864,2023-05-14,150871,10072.08,9274.3,959.83,1391.48,1237.23,4566.3,373.26,961.28,4792.09,5618.59,2050,629.77,0,0,1000580,48257,0,22,0
"308",865,2023-05-15,121168.36,12980.81,7617.32,923.38,1328.26,1675.68,4047.18,381.46,774.84,3809.19,3765.03,2800,511.94,0,0,65,41529,0,21,0
"309",866,2023-05-16,159283.32,11746.24,6194.53,895.21,1303.41,2413.27,3694.93,344.06,758.71,3685.92,3796.24,5000,419.06,0.75,0,1158591,38817,0,20,0
"310",867,2023-05-17,148664.67,10860.1,5630.4,883.06,1281.85,2392.34,3016.63,296.59,720.43,4028.92,3788.69,3825,513.54,0.75,0,2058166,38294,0,19,0
"311",868,2023-05-18,169199.9,10334.55,5388.87,879.19,1262.16,2400.93,3246.13,262.51,577.74,4360.55,3769.1,2325,384.32,0.75,0,127565,36231,0,18,0
"312",869,2023-05-19,92075.21,9779.51,4955.51,814.5,1131.62,2289.28,3162.9,389.05,634.03,4277.91,3767.59,2325,527.52,0,0,566330,36800,0,17,0
"313",870,2023-05-20,105368.06,10584.67,5358.01,944.83,1401.2,2564.69,3093.57,402.11,890.04,4564.99,3022.63,3625,538.54,0,0,1163710,41866,0,16,0
"314",871,2023-05-21,111943.47,7190.51,2907.82,925.01,936.63,1054.67,3373.95,288.8,798.43,4396.19,2279.52,3300,372.77,0,0,529460,41918,0,15,0
"315",872,2023-05-22,106161.09,6815.14,2558.51,893.42,888.33,999.64,3013.06,270.13,592.57,4065.09,2291.36,2000,474.16,0,0,61396,38406,0,14,0
"316",873,2023-05-23,101348.86,7051.19,2685.65,921.77,920.57,1000.14,2815.34,292.27,498.74,4299.16,2288.75,0,220.89,0,0,1084584,37244,0,13,0
"317",874,2023-05-24,72808.14,7871.66,2574.17,889.45,886.01,992.48,2605.48,252.69,378.87,4507.34,2274.73,0,208.4,0,0,0,36293,0,12,0
"318",875,2023-05-25,132133.18,9205.79,2555.85,878.63,871.35,989.29,2903.4,195.24,406.29,4343.33,2292.26,6625,434.38,1.5,0,157766,40372,0,11,0
"319",876,2023-05-26,203563.3,15414.17,2743.27,1652.73,932.51,1315.45,3764.4,208.93,542.1,5168.47,2294.54,4125,546.66,2,0,2363213,47552,0,10,0
"320",877,2023-05-27,224864.1,18133.93,2510.65,1778.75,834.73,1465.22,4157.04,420.32,711.11,5398.15,2524.21,2125,893.62,2,0,583469,54113,0,9,0
"321",878,2023-05-28,217196.48,19630.22,2627.77,1917.7,912.1,1708.75,4169.93,409.31,863.02,5672.35,3266.07,2125,1666.2,2,0,2131878,50404,0,8,0
"322",879,2023-05-29,324294.98,18967.41,2663.55,1899.98,918.22,2020.01,4683.59,384.8,1172.88,5554.63,3257.93,250,1091.32,2,0,806373,51828,0,7,0
"323",880,2023-05-30,101483.98,8769.61,2883.97,890.29,886.14,1518.42,4139.35,377.4,926.96,3247.72,3261.4,250,477.12,0,0,207,42116,0,6,0
"324",881,2023-05-31,109977.68,8743.2,3046.75,869.66,888.54,1511.02,3988.52,492.95,970.46,4602.85,3281.56,0,540.05,0,0,1324284,41061,0,5,0
"325",882,2023-06-01,112127.67,9439.94,3297,954.68,940.83,1522.23,4054.92,398.75,1120.39,4490.42,3232.77,0,0,0,0,0,41999,0,4,0
"326",883,2023-06-02,112272.16,9022.05,3146.48,911.22,906.3,1504.6,3513.9,321.49,959.39,4861.57,2715.94,0,0,0,0,54701,43408,0,3,0
"327",884,2023-06-03,125754.61,8437.6,2979.7,855.62,847.83,1473.26,3917.65,371.24,1124.56,4681.18,3221.62,0,0,0,0,677663,46397,0,2,0
"328",885,2023-06-04,121244.56,9089.26,3418.77,919.39,917.37,1508.63,4166.45,288.05,1169.23,5155.47,3517.48,0,0,0,0,0,47768,0,1,0
"329",886,2023-06-05,110087.83,9469.55,5965.05,949.76,955.16,1532.69,3442.99,279.87,850.84,5019.42,4147.86,0,0,0,0,735019,42607,0,0,0
"330",887,2023-06-06,102185.82,8899.72,6928.64,904.21,909.49,1506.7,3655.18,354.76,777.97,5634.68,4042.02,0,0,0,0,0,40650,0,0,0
"331",888,2023-06-07,133290.99,8272.61,7990.46,1287.83,916.77,1500.72,3313.85,280.93,689.67,4628.76,4200.94,0,0,0,0,139,38307,0,28,0
"332",889,2023-06-08,213743.65,7665.98,6960.38,1290.71,892.73,2619.97,3707.81,225.69,769.7,5704.11,4266.68,7000,0,0,0,2335813,45777,0,27,0
"333",890,2023-06-09,188323.84,7395.39,4997.85,1127.34,874.47,4064.34,3439.17,174.16,644.34,4720.53,4180.5,6500,0,0,0,336163,45051,0,26,0
"334",891,2023-06-10,143119.35,7186.34,4634.02,1094.53,834.01,3982.27,3728.77,151.62,705.75,4804.56,4196.53,0,0,0,0,0,43848,0,25,0
"335",892,2023-06-11,158197.71,7833.56,4821.01,1218.04,958.5,4153.25,3991.49,115.17,1117.02,5117.81,4122.36,0,0,0,0,485079,44421,0,24,0
"336",893,2023-06-12,119825.31,3939.28,4589.49,1173.76,922.52,4016.99,3424.18,260.57,864.68,4459.28,4243.34,0,0,0,0,68,45372,0,23,0
"337",894,2023-06-13,112186.17,4434.88,4417.85,1136,878.84,3908.8,3587.14,220.7,688.6,4645.67,4219.59,3500,0,0,0,825959,42500,0,22,0
"338",895,2023-06-14,110974.83,6656.74,3901.4,1120.84,880.14,3512.21,3603.69,175.19,661.26,4353.1,4179.9,600,0,0,0,133298,41613,0,21,0
"339",896,2023-06-15,111602.56,6908.94,3491.01,1133.59,888.95,1793.8,3539.28,166.9,533.42,4678.65,4181.49,0,0,0,0,953577,38661,0,20,0
"340",897,2023-06-16,218292.05,7001.77,3554.78,1135.47,892.92,986.87,4118.24,192.15,525.24,4407.47,4272.43,0,0,0,1,674913,40507,0,19,0
"341",898,2023-06-17,101282.26,6995.4,3568.08,1132.3,877.46,995.93,3903.35,101.67,571.11,4554.59,4278.41,1500,0,0,0,1033292,42348,0,18,0
"342",899,2023-06-18,108535.8,7440.95,3754.32,1222.01,961.78,1039.5,4609.91,206.27,650.33,4837.27,4248.68,0,0,0,0,906877,45113,0,17,0
"343",900,2023-06-19,84428.71,6810.44,3485.38,1152.63,883.54,986.59,3834.77,188.34,468.43,4533.22,4299,0,0,0,0,23252,39503,0,16,0
"344",901,2023-06-20,69330.7,7044.24,3580.9,1159.5,917.67,1002.85,3194.44,271.23,476.55,3757.8,4253.01,350,0,0,0,909018,39534,0,15,0
"345",902,2023-06-21,171272.67,7071.92,3515.23,1147.23,907.02,997.84,3489.24,345.99,340.88,3337.82,4270.06,0,0,0,0,18688,38092,0,14,28
"346",903,2023-06-22,205536.47,9386.67,3470.71,1125.37,888.91,1767.5,3869.22,366.54,310.65,3720.24,4240.14,4000,0,0,0,1444569,38636,0,13,27
"347",904,2023-06-23,131041.9,16684.52,3199.75,1029.82,828.77,2358.16,3283.04,258.76,286.34,3574.5,4253.02,0,0,0,0,1245985,40819,0,12,26
"348",905,2023-06-24,108865.41,8491.84,3753.2,1213.44,912.31,1696.25,3442.62,197.93,318.65,3667.92,4217.38,3000,0,0,0,706322,40655,0,11,25
"349",906,2023-06-25,155782.78,4203.35,3790.24,1225.17,967.05,1021.21,4287.69,214.01,403.83,3911.67,4228.17,9500,0,0,0,970084,45928,0,10,24
"350",907,2023-06-26,104334.48,3950.65,3553.55,1181.09,926.64,1010.57,3676.39,227.66,276.29,3717.71,4251.13,4500,0,0,0,68,42629,0,9,23
"351",908,2023-06-27,144514.95,2288.07,2659.38,1156.8,908.15,1003.82,3514.82,239.3,295.66,3620.88,2776.67,0,0,0.75,0,617266,46537,0,8,22
"352",909,2023-06-28,189984.55,998.05,2515.42,1135.63,894.53,991.35,3390.99,278.52,259.36,3080.49,2755.95,0,0,0.75,0,354323,40423,0,7,21
"353",910,2023-06-29,142266.22,986.07,2494.2,1124.73,882.59,992.77,3206.81,301.46,239.52,3505.93,2760.18,0,0,0.75,0,760603,39947,0,6,20
"354",911,2023-06-30,98943.15,980.56,2485.86,1120.12,871.07,989.82,3137.47,349.54,266.1,3236.5,2751.36,0,0,1,0,1638274,41716,0,5,19
"355",912,2023-07-01,104305.55,4921.27,2470.42,1106.33,849.83,990.36,3896.49,412.03,352.88,3470.06,2769.04,0,0,1,0,2432711,45937,0,4,18
"356",913,2023-07-02,105903.43,6952.15,2711.58,1230.77,968.84,1042.52,4318.87,426,542.72,3760.38,2781.34,0,0,1,0,1533578,45982,0,3,17
"357",914,2023-07-03,93609,6648.21,2614.56,1187.54,940.62,1011.55,3546.26,421.79,436.72,3306.82,2764.11,0,0,1,0,1414183,43086,0,2,16
"358",915,2023-07-04,124435.81,6495.64,2543.36,1152.4,913.5,1000.33,3505.72,274.83,483.06,3319.1,2770.75,0,0,1,0,186309,44045,0,1,15
"359",916,2023-07-05,97851.02,16837.76,2505.1,1128.43,890.17,984.66,3808.9,329.56,351.33,2917.08,2783.82,0,0,0,0,1366601,40126,0,0,14
"360",917,2023-07-06,97706.8,15193.81,2502.2,1125.79,879.74,985.97,3395.19,353.7,348.46,3299.03,2610.04,10500,0,0,0,105813,43169,0,0,13
"361",918,2023-07-07,76087.11,15204.84,2480.96,1116.05,864.94,982.27,2900.91,283.95,382.07,3363.04,2779.25,2600,0,0,0,683370,37147,0,0,12
"362",919,2023-07-08,84580.11,15163.49,2492.24,1109.02,842.19,992.7,3017.4,215.58,336.71,3812.96,2770.81,0,0,0,0,102403,39387,0,0,11
"363",920,2023-07-09,86231.92,13211.31,2691.43,1227.84,967.44,1039.53,3638.1,216.35,430.54,3821.63,2764.39,0,0,0,0,1820903,44011,0,0,10
"364",921,2023-07-10,73664.16,8233.9,2546.73,1189.2,938.65,1011.86,2657.12,196.2,379.43,3108.6,2752.88,5000,0,0,0,111647,41754,0,0,9
"365",922,2023-07-11,54500.36,6526.62,2462.18,1161.27,914.36,999.49,3181.33,204.37,433.26,3509.51,2755.01,0,0,0,0,695356,43337,0,0,8
"366",923,2023-07-12,156851.4,6398.55,2415.26,1134.61,890.75,988.55,3191.23,168.22,397.27,3147.56,2763.81,0,0,0,0,0,40031,0,0,7
"367",924,2023-07-13,100074.8,6359.16,2397.54,1124.85,883.1,987.73,2100.1,182.82,313.95,3135.33,2768.61,0,0,0,0,1417832,37690,0,0,6
"368",925,2023-07-14,203449.65,6756.82,2566.65,1108.73,861.85,982.24,1727.61,235.25,220.51,3096.86,2753.91,0,0,0,1,63639,38298,0,0,5
"369",926,2023-07-15,81485.88,6698.99,2913.91,1103.5,843.85,990.6,1635.07,117.66,354.41,4730.97,2800,6500,0,0,0,190,39549,0,0,4
"370",927,2023-07-16,97796.18,6895.61,3104.11,1229.59,966.48,1041.11,2427.9,164.24,498.33,4982.2,2781.36,0,0,0,0,670654,42278,0,0,3
"371",928,2023-07-17,110311.49,6558.59,3042.45,1192.24,938.28,1006.77,2112.41,199.53,355.25,4650.23,2796.69,8000,0,0,0,717838,41228,0,0,2
"372",929,2023-07-18,83533.82,6613.06,2976.19,1164.59,917.12,1001.32,1957.71,280.16,323.56,5246.67,2762.97,4750,0,0,0,109879,39959,0,0,1
"373",930,2023-07-19,91200.39,6521.77,2942.4,1144.4,902.14,992.73,1727.43,246.25,270.75,4784.91,2771.75,3500,0,0,0,1237103,39636,0,0,0
"374",931,2023-07-20,82180.09,6444.31,2908.34,1129.05,884.43,988.74,1846.47,142.53,224.56,4519.59,2773.88,2250,0,0,0,66,41392,0,0,0
"375",932,2023-07-21,107184.59,7422.19,2575.13,1109.2,866.78,981.29,1851.71,177.22,285.42,4349.37,2774.48,0,0,0.75,0,1660495,42222,0,0,0
"376",933,2023-07-22,94897.55,7355.5,2244.51,1080.93,824.74,988.04,1808.57,188.15,314.97,4861.09,2783.62,3000,0,0,0,0,42228,0,0,0
"377",934,2023-07-23,142093.4,7499.49,2485.78,1222.54,966.21,1037.76,1990.24,198.89,391.88,5071.37,2776.95,0,0,2,0,1745422,44869,0,0,0
"378",935,2023-07-24,110812.27,7262.83,2999.87,1755.57,934.21,1005.36,1975.61,192.12,374.8,4493.39,2754.36,0,0,2,0,1392883,45305,0,0,0
"379",936,2023-07-25,154646.78,7164.14,3403.82,2205.74,919.11,1000.72,1815.74,267.24,340.82,5094.72,2781.27,0,0,2,0,961263,47644,0,0,0
"380",937,2023-07-26,148196.99,6931.84,2524.67,1358.88,873.57,992.48,2316.03,259.35,414.36,5406.4,2753.93,0,0,2,0,1811787,51666,0,0,28
"381",938,2023-07-27,83678.92,8396.67,2335.27,1139.19,898.18,993.8,2009.96,168.4,485.5,5798.78,2766.94,8500,0,0,0,0,46780,0,0,27
"382",939,2023-07-28,104573.36,8861.32,2276.8,1107.47,868.8,981.01,1719.86,122.4,441.57,5777.94,2756.73,0,0,1.5,0,721424,44042,0,0,26
"383",940,2023-07-29,104557.44,8832.64,2251.07,1087.56,839.92,988.87,1894.11,185.06,561.84,6333.83,2782.35,0,0,1.5,0,1528181,44364,0,0,25
"384",941,2023-07-30,95753.43,9625.35,2492.47,1222.47,967.72,1036.37,2075.95,136.04,630.33,5845.27,2768.98,0,0,0,0,0,46640,0,0,24
"385",942,2023-07-31,115857.59,7458.44,2422.93,1096.52,936.53,804.37,1712.22,132.23,444.26,5039.73,2745.78,0,0,0,0,1394033,47031,0,0,23
"386",943,2023-08-01,1039985.78,7430.12,2374.11,1061.48,917.23,751.79,3083.06,231.08,457.59,5561.5,2746.22,0,0,0,0,39422,61184,0,28,50
"387",944,2023-08-02,85972.17,7729.45,2301.2,1025.88,883.35,716.84,1741.64,237.02,451.88,5741.71,3676.04,6000,0,0,0,1392549,50583,0,27,21
"388",945,2023-08-03,88371.79,9409.56,1957.2,1043.28,891.41,748.67,1710.47,244.82,611.42,5772.87,4721.9,0,0,0,0,48470,45074,0,26,20
"389",946,2023-08-04,90059.37,9193.2,1546.21,1016.9,866.68,744.77,1804.25,82.98,590.21,5791.88,4765.94,0,0,0,0,106067,44792,0,25,19
"390",947,2023-08-05,101197.43,9227.27,1535.34,1000.2,836.66,756.12,2006.1,136.73,637.79,5554.88,4834.04,0,0,0,0,1457321,45126,0,24,18
"391",948,2023-08-06,93051.84,9933.98,1691.84,1118.94,965.68,780.06,2020.43,131.96,838.4,5694.76,4797.46,0,0,0,0,742536,49172,0,23,17
"392",949,2023-08-07,85468.21,9657.16,1639.88,1086.73,897.43,756.92,1778.88,166.59,693.04,5787.93,4763.07,0,0,0,0,718500,47236,0,22,16
"393",950,2023-08-08,68423.98,9462.45,1618.25,1067.15,921.26,751.78,2161.21,227.6,727.37,5726.19,4833.11,0,0,0,0,12153,44929,0,21,15
"394",951,2023-08-09,411004.38,9354.51,1590.01,1045.47,907.52,746.24,3848.88,254.26,668.08,5861.13,4844.69,0,0,0,0,1474755,52983,0,20,14
"395",952,2023-08-10,98145.22,9137.87,1576.11,1023.12,871.11,727.6,2161.84,279.54,576.27,5033.76,4798.71,2500,0,0,0,862991,45345,0,19,13
"396",953,2023-08-11,87106.55,8992.39,1577.16,1006.84,876.3,731.4,1795,207.55,580.38,5411.18,4844.57,1200,0,0,0,169,43891,0,18,12
"397",954,2023-08-12,112433.4,9261.64,1591.08,1001.75,859.79,756,1958.26,220.23,633.36,6149.79,4818.81,0,0,0,0,101389,46075,0,17,11
"398",955,2023-08-13,124726.49,9941.14,1743.99,1115.87,968.31,778.39,2534.47,224.24,902.44,5981.07,4824.03,0,0,0,0,1605107,51721,0,16,10
"399",956,2023-08-14,71062.07,9606.72,1696.49,1087.16,918.88,756.82,2140.66,274.95,761.43,5236.95,4843.7,400,0,0,0,88574,48555,0,15,9
"400",957,2023-08-15,79382.61,9489.68,2242.94,1066.35,917.14,752,2298.47,259.22,672.72,5247.24,4818.4,0,0,0,0,918509,46888,0,14,8
"401",958,2023-08-16,68810.69,9373.4,2653.71,1048.57,906.36,744.15,2246.03,246.81,627.5,5486.68,4817.54,0,0,0,0,0,43956,0,13,7
"402",959,2023-08-17,776601.41,9299.01,2622.34,1034.46,889.85,746.81,4323.68,250.3,684.48,6680.7,4781.98,0,0,0,0,2035567,56855,0,12,34
"403",960,2023-08-18,385443.49,9056.39,2506.81,999.55,847.87,732.43,3181.84,260.39,599.47,6049.7,4846.86,17250,0,0,0,1258492,54785,0,11,32
"404",961,2023-08-19,223546.87,9033.66,2508.98,998.04,851.57,738.71,2603,271.97,729.81,6383.6,4844.56,4900,0,0,0,142513,53070,0,10,30
"405",962,2023-08-20,193417.83,9952.34,2761.47,1119.79,962.07,780.29,2819.48,279.36,1040.18,6534.25,4835.23,6000,0,0,0,1428298,55276,0,9,28
"406",963,2023-08-21,133440.51,9500.12,2650.43,1078.28,924.09,721.77,2777.03,364.01,891.65,5794.53,4856.44,3000,0,0,0,27809,56210,0,8,26
"407",964,2023-08-22,156806.46,9627.39,2644.28,1070.59,919.65,759.55,3065.89,363.84,838.85,6279.43,4870.86,0,0,0,0,1455179,53264,0,7,24
"408",965,2023-08-23,196435.93,9462.05,2595.59,1047.1,903.85,752.2,3316.59,361.03,537.1,5874.96,5638.64,0,0,0,0,108204,59094,0,6,22
"409",966,2023-08-24,127617.65,8961.42,2567.62,1035.04,885.47,748.43,3490.42,309.87,509.13,6124.26,5155.68,8400,0,0,0,1460192,55263,0,5,21
"410",967,2023-08-25,221214.16,5878.68,2505.21,1009.16,861.68,740.19,3941.75,313.74,508.14,5960.17,3977.98,0,0,0,1,61800,55439,0,4,20
"411",968,2023-08-26,97002.74,5884.43,2475.4,990.04,843.19,747.55,3756.41,205.35,381.1,4986.31,3933.16,0,0,0,0,624813,52430,0,3,19
"412",969,2023-08-27,89899.66,6041.14,2762.05,1122.48,961.15,779.86,2880.42,198.78,350.5,4957.72,3984.31,0,0,0,0,1429691,49110,0,2,18
"413",970,2023-08-28,69986.35,5850.63,2676.15,1087.43,931.7,756.16,3194.48,207.05,391.12,4512.25,3993.55,0,0,0,0,300370,46331,0,1,17
"414",971,2023-08-29,605882.81,5744.78,2619.98,1061.23,914.28,751.29,3493.02,297.27,337.43,4840.69,3997.05,0,0,0,0,1475868,48606,0,28,16
"415",972,2023-08-30,74899.38,5669.31,2588.41,1047.02,893.64,745.54,2286.57,279.94,257.17,4371.79,3993.34,0,0,0,0,0,43333,0,27,15
"416",973,2023-08-31,74458.92,5617.94,2570.57,1035.93,887.82,744.5,2243.09,228.34,255.71,4553.33,3992.22,0,0,1.25,0,0,41672,0,26,14
"417",974,2023-09-01,167004.55,8110.86,2503.19,1006.87,867.1,734.42,2795.15,366.79,501.94,5870.35,3975.52,0,0,2,0,641038,52960,0,25,13
"418",975,2023-09-02,144389.47,9362.11,2479.19,989.01,844.29,738.19,2923.59,327.07,526.93,5810.17,3993.49,0,0,2,0,1725819,50085,0,24,12
"419",976,2023-09-03,129839.79,10177.66,2766.65,1127.01,963.12,780.11,2478.58,345.38,585.95,6846.01,3991.87,0,0,2,0,35204,53913,0,23,11
"420",977,2023-09-04,221204.74,9723.74,2677,1085.22,933.43,756.34,2890.76,443.26,885.21,7278.46,3990.76,0,0,2,0,2662152,50784,0,22,10
"421",978,2023-09-05,124364.33,5669.33,2600.92,1050.12,897.19,744.07,2367.74,386.81,486.37,4867.59,4042.5,0,0,0,0,70,48442,0,21,9
"422",979,2023-09-06,267594.48,5707.74,2599.03,1049.58,902.73,745.95,2790.77,335.23,425.15,6089.57,4218.46,0,0,0,0,962247,49957,0,20,8
"423",980,2023-09-07,226099.96,5597.02,2564.11,1033.45,889.46,745.11,2725.61,246.68,409.79,6028.5,4200.49,0,0,0,0,0,46940,0,19,7
"424",981,2023-09-08,209670.85,5539.99,2522.62,1014.46,865.3,739.31,2292.28,295.46,451.96,5119.14,4229.27,5700,0,0,1,76401,45856,0,18,6
"425",982,2023-09-09,109642.57,5481.74,2469.67,990.16,848.77,739.11,2024.52,330.08,392.69,6246.04,4215.23,0,0,0,0,1473599,47126,0,17,5
"426",983,2023-09-10,110876.24,6041.63,2760.92,1121.62,962.21,778.84,2288.02,328.85,561.24,6074.75,4222.05,11000,0,0,0,1228177,50292,0,16,4
"427",984,2023-09-11,105479.36,6917.69,2695.26,1092.63,934.48,758.38,2389.33,329.31,382.46,5461.43,4216.08,0,0,0,0,149625,52382,0,15,3
"428",985,2023-09-12,148334.47,8707.63,2630.06,1070.5,909.24,753.52,4759.89,308.29,506.72,6678.36,4226.07,0,0,0,0,1365812,71875,0,14,2
"429",986,2023-09-13,216216.62,8785.61,2584.31,1041.82,894.85,743.42,5924.36,233.46,631.67,7632.11,4221.36,8862.34,0,0,0,52612,80944,0,13,1
"430",987,2023-09-14,342969.04,9119.33,2552.92,1035.49,864.94,745.36,4656.21,230.71,625.26,7155.59,4217.22,2600,0,0,0,857295,68376,0,12,0
"431",988,2023-09-15,192598.62,9765.94,2488.69,1000.24,872.67,731.09,3161.66,237.02,705.18,6007.58,4223.76,5817.72,0,1,0,1683474,58969,0,11,0
"432",989,2023-09-16,175922.9,11760.47,2487.83,987.7,861.61,739.37,3287.93,184.76,1080.33,6613.54,4227.28,3000,0,1,0,1308273,63842,0,10,0
"433",990,2023-09-17,165121.15,11950.47,2751.32,1118.54,960.69,777.96,3194.27,194.16,1167.51,9126.75,4210.65,0,0,1,0,962597,62817,0,9,0
"434",991,2023-09-18,134612.76,9644.99,2672.23,1084.59,922.8,756.65,3889.1,231.25,1035.75,7423.72,4207.39,12678.32,0,0,0,67,68243,0,8,0
"435",992,2023-09-19,149043.98,9469.71,2622.63,1064,915.52,751.01,3665.95,158.19,870.99,6115.95,4218.26,13500,0,0,0,98669,66502,0,7,0
"436",993,2023-09-20,227734.94,10514.35,2578.19,1042.36,897.56,743.96,3438.39,182.33,734.96,6045.77,4227.4,4750,0,0,0,1828947,56420,0,34,0
"437",994,2023-09-21,99285.86,10560.96,2572.77,1039.79,889.74,748.54,3517.69,189.74,692.23,6218.94,4223.52,1500,0,0,0,39,55157,0,32,0
"438",995,2023-09-22,172490.38,10292.25,2507.22,1008.68,870.02,733.79,3055.63,179.62,635.67,5749.56,4227.09,0,0,0,0,1436911,56502,0,30,0
"439",996,2023-09-23,137511.19,10277.22,2495.61,992.04,843.67,738.09,2695.83,150.41,666.35,7267.41,4226.69,0,0,0,0,0,61691,0,28,0
"440",997,2023-09-24,252862.44,10967.1,2741.09,1111.12,958.39,779.41,2910.59,180.38,800.8,6599.32,4223.93,0,0,0,0,1800948,60067,0,26,0
"441",998,2023-09-25,86668.97,10651.53,2684.55,1086.79,931.89,758.59,2906.35,247.12,679.07,6633.89,4228.06,800,0,0,0,67,57348,0,24,0
"442",999,2023-09-26,113497.62,10518.06,2632.47,1070.07,916.69,754.72,3016.34,280.01,730.36,7136.81,4227.49,6691.29,0,0,0,1412359,54373,0,22,0
"443",1000,2023-09-27,94141.99,10308.21,2573.68,1042.09,897.46,744.51,2687.14,269.39,674.93,5951.83,4228.81,0,0,0,0,0,55582,0,21,0
"444",1001,2023-09-28,98776.51,10249.03,2558.04,1035.08,886.13,740.41,2342.74,203.78,737.66,5035.94,4209.01,0,0,0,0,1382580,49150,0,20,0
"445",1002,2023-09-29,81169.85,10117.9,2524.97,1017.07,870.26,736.66,2097.28,159.38,662.63,4399.4,4222.17,0,0,0,0,1361909,49589,0,19,0
"446",1003,2023-09-30,78000.57,9988.17,2485.19,987.78,834.8,735.7,2090.26,141.7,769.82,4218.23,4228.5,0,0,0,0,0,50302,0,18,0
"447",1004,2023-10-01,107998.43,10761.03,2704.05,1109.74,947.95,776.06,2107.34,142.35,822.08,4374.29,4226.8,0,0,0,0,1298139,49327,0,17,0
"448",1005,2023-10-02,165054.23,9681.52,2473.86,1087.37,938.39,759.42,2220.7,205.69,731.34,3931.56,4214.78,0,0,0,0,389372,49142,0,16,0
"449",1006,2023-10-03,82194.28,9457.71,2421.44,1062.52,913.98,752.15,2592.31,164.41,772.23,3996.59,4228.72,0,0,0,0,42843,51259,0,15,0
"450",1007,2023-10-04,79939.44,9239.59,2371.34,979.26,890.73,741.35,2231.58,146.75,648.28,4025.27,4225.3,2750,0,0,0,1450741,49114,0,14,0
"451",1008,2023-10-05,56431.89,9257.66,2352.53,931.72,882.64,740.61,2497.27,111.18,582.23,3044.37,4215.73,0,0,0,0,0,50659,0,13,0
"452",1009,2023-10-06,334615.39,9228.89,2348.15,929.42,877.52,747.32,2483.71,94.01,631,3729.47,4227.04,19264,0,0,0,1622858,51246,28,12,0
"453",1010,2023-10-07,99535.1,9052.94,2305.74,896.07,846.62,733.09,1763.53,85.68,576.17,3479.25,4227.57,0,0,0,0,56118,47369,27,11,0
"454",1011,2023-10-08,83400.57,9571.36,2519.75,1007.44,950.86,775.55,1681.8,67.04,545.56,3846.56,4229.12,9500,0,0,0,1377635,47397,26,10,0
"455",1012,2023-10-09,113986.22,9390.46,2465.23,985.72,936.38,757.63,2115.52,76.01,590.56,4046.39,4226.32,0,0,0,0,83716,47414,25,9,0
"456",1013,2023-10-10,133927.17,10161.41,2412.24,965.55,913.96,752.64,2623.81,76.98,513.96,3713.36,4222.69,3750,0,1,0,1839396,46988,24,8,0
"457",1014,2023-10-11,91433.03,10479.74,2372.42,940.99,891.58,742.98,2305.52,195.86,587.79,3428,4228.71,2300,0,1,0,1564102,46944,23,7,0
"458",1015,2023-10-12,104446.15,10401.31,2413.5,931.59,887.31,743.22,1601.41,130.47,586.6,3322.8,2677.34,4500,0,1,0,107289,46246,22,6,0
"459",1016,2023-10-13,470627.54,8911.71,2564.19,924.73,877.39,742.05,2172.14,101.59,499.15,4168.02,2199.13,8000,0,0,1,360258,48899,21,5,0
"460",1017,2023-10-14,145390.14,8746.32,2307.48,893.98,842.52,735.93,1479.31,115.65,696.68,3874.74,2198.33,0,0,0,0,67384,49649,20,4,0
"461",1018,2023-10-15,121432.56,9571.16,2623.51,1004.37,951.4,775.63,1538.15,122.42,984.01,4270.97,2196.66,400,0,0,0,1191572,54132,19,3,0
"462",1019,2023-10-16,113917.69,9429.96,2584.36,992.39,940.74,758.56,2025.43,167.19,889.65,4544.58,2191.04,9897.62,0,0,0,1122636,54662,18,2,0
"463",1020,2023-10-17,105903.67,9429.78,2518.73,965.09,919.08,748.25,1890.36,169.05,1013.49,4084.57,2194.13,5600,0,1,0,167116,53399,17,1,0
"464",1021,2023-10-18,81800.35,9511.68,5338.15,939.24,905.14,742.64,1622.36,181.05,872.46,3919.19,2194.17,0,0,1,0,1025188,49525,16,0,0
"465",1022,2023-10-19,102176.42,9402.41,6593.85,889.16,887.89,741.39,1787.48,5743.59,784.31,3873.64,2174.85,900,0,1,0,358969,50643,15,0,0
"466",1023,2023-10-20,110251.82,9170.15,6360.19,812.27,857.08,728.64,1661.64,3203.76,722.44,3611.04,2188.71,1710.39,0,1.5,0,1080613,52250,14,0,0
"467",1024,2023-10-21,90518.88,9439.84,6218.4,815.11,838.67,754.89,1383.6,3010.09,703.97,4016.95,2189.52,0,0,1.5,0,1176644,49014,13,0,0
"468",1025,2023-10-22,85511.24,10616.35,5940.85,943.11,1005.81,795.23,1466.83,3022.27,805.48,4966.71,2188.14,0,0,1.5,0,112592,51655,12,0,0
"469",1026,2023-10-23,106947.2,10735.19,6291.51,908.72,968.55,770.24,1776.17,3017.48,655.25,4162.63,2197.25,5729.17,0,1,0,62,53118,11,0,0
"470",1027,2023-10-24,131782.82,383.68,369.78,37.82,39.08,49.62,1922.12,3021.01,616.81,3775.79,1743.82,3000,0,1,0,143119,48695,10,0,0
